[{
  "_id": {
    "$oid": "64f01e88a73054b3ed040ce2"
  },
  "uuid": "64f01e883eda3",
  "title": "Super Admin",
  "status": "active",
  "editable": "no",
  "deletable": "no",
  "vip": "yes",
  "created_at": {
    "$date": "2023-08-31T05:00:56.000Z"
  },
  "updated_at": {
    "$date": "2023-08-31T05:00:56.000Z"
  }
},
{
  "_id": {
    "$oid": "64f075362dd606fe64092d94"
  },
  "uuid": "64f07536956d4",
  "title": "HR Executive",
  "status": "inactive",
  "editable": "yes",
  "deletable": "yes",
  "vip": "no",
  "created_at": {
    "$date": "2023-08-31T11:10:46.000Z"
  },
  "updated_at": {
    "$date": "2023-08-31T11:10:46.000Z"
  }
},
{
  "_id": {
    "$oid": "64f075482dd606fe64092da5"
  },
  "uuid": "64f075480be38",
  "title": "Finance Head",
  "status": "active",
  "editable": "yes",
  "deletable": "yes",
  "vip": "no",
  "created_at": {
    "$date": "2023-08-31T11:11:04.000Z"
  },
  "updated_at": {
    "$date": "2023-08-31T11:11:04.000Z"
  }
}]