[{
  "_id": {
    "$oid": "64f1911f12be535cc80d25d2"
  },
  "id": "1",
  "phone": "93",
  "code": "AF",
  "name": "Afghanistan",
  "symbol": "؋",
  "capital": "Kabul",
  "currency": "AFN",
  "continent": "Asia",
  "continent_code": "AS",
  "alpha_3": "AFG",
  "flag_code": "AF"
},
{
  "_id": {
    "$oid": "64f1911f12be535cc80d25d3"
  },
  "id": "2",
  "phone": "355",
  "code": "AL",
  "name": "Albania",
  "symbol": "Lek",
  "capital": "Tirana",
  "currency": "ALL",
  "continent": "Europe",
  "continent_code": "EU",
  "alpha_3": "ALB",
  "flag_code": "AL"
},
{
  "_id": {
    "$oid": "64f1911f12be535cc80d25d4"
  },
  "id": "3",
  "phone": "213",
  "code": "DZ",
  "name": "Algeria",
  "symbol": "دج",
  "capital": "Algiers",
  "currency": "DZD",
  "continent": "Africa",
  "continent_code": "AF",
  "alpha_3": "DZA",
  "flag_code": "DZ"
},
{
  "_id": {
    "$oid": "64f1911f12be535cc80d25d5"
  },
  "id": "4",
  "phone": "1684",
  "code": "AS",
  "name": "American Samoa",
  "symbol": "$",
  "capital": "Pago Pago",
  "currency": "USD",
  "continent": "Oceania",
  "continent_code": "OC",
  "alpha_3": "ASM",
  "flag_code": "AS"
},
{
  "_id": {
    "$oid": "64f1911f12be535cc80d25d6"
  },
  "id": "5",
  "phone": "376",
  "code": "AD",
  "name": "Andorra",
  "symbol": "€",
  "capital": "Andorra la Vella",
  "currency": "EUR",
  "continent": "Europe",
  "continent_code": "EU",
  "alpha_3": "AND",
  "flag_code": "AD"
},
{
  "_id": {
    "$oid": "64f1911f12be535cc80d25d7"
  },
  "id": "6",
  "phone": "244",
  "code": "AO",
  "name": "Angola",
  "symbol": "Kz",
  "capital": "Luanda",
  "currency": "AOA",
  "continent": "Africa",
  "continent_code": "AF",
  "alpha_3": "AGO",
  "flag_code": "AO"
},
{
  "_id": {
    "$oid": "64f1911f12be535cc80d25d8"
  },
  "id": "7",
  "phone": "1264",
  "code": "AI",
  "name": "Anguilla",
  "symbol": "$",
  "capital": "The Valley",
  "currency": "XCD",
  "continent": "North America",
  "continent_code": "NA",
  "alpha_3": "AIA",
  "flag_code": "AI"
},
{
  "_id": {
    "$oid": "64f1911f12be535cc80d25d9"
  },
  "id": "8",
  "phone": "672",
  "code": "AQ",
  "name": "Antarctica",
  "symbol": "$",
  "capital": "Antarctica",
  "currency": "AAD",
  "continent": "Antarctica",
  "continent_code": "AN",
  "alpha_3": "ATA",
  "flag_code": "AQ"
},
{
  "_id": {
    "$oid": "64f1911f12be535cc80d25da"
  },
  "id": "9",
  "phone": "1268",
  "code": "AG",
  "name": "Antigua and Barbuda",
  "symbol": "$",
  "capital": "St. John\\'s",
  "currency": "XCD",
  "continent": "North America",
  "continent_code": "NA",
  "alpha_3": "ATG",
  "flag_code": "AG"
},
{
  "_id": {
    "$oid": "64f1911f12be535cc80d25db"
  },
  "id": "10",
  "phone": "54",
  "code": "AR",
  "name": "Argentina",
  "symbol": "$",
  "capital": "Buenos Aires",
  "currency": "ARS",
  "continent": "South America",
  "continent_code": "SA",
  "alpha_3": "ARG",
  "flag_code": "AR"
},
{
  "_id": {
    "$oid": "64f1911f12be535cc80d25dc"
  },
  "id": "11",
  "phone": "374",
  "code": "AM",
  "name": "Armenia",
  "symbol": "֏",
  "capital": "Yerevan",
  "currency": "AMD",
  "continent": "Asia",
  "continent_code": "AS",
  "alpha_3": "ARM",
  "flag_code": "AM"
},
{
  "_id": {
    "$oid": "64f1911f12be535cc80d25dd"
  },
  "id": "12",
  "phone": "297",
  "code": "AW",
  "name": "Aruba",
  "symbol": "ƒ",
  "capital": "Oranjestad",
  "currency": "AWG",
  "continent": "North America",
  "continent_code": "NA",
  "alpha_3": "ABW",
  "flag_code": "AW"
},
{
  "_id": {
    "$oid": "64f1911f12be535cc80d25de"
  },
  "id": "13",
  "phone": "61",
  "code": "AU",
  "name": "Australia",
  "symbol": "$",
  "capital": "Canberra",
  "currency": "AUD",
  "continent": "Oceania",
  "continent_code": "OC",
  "alpha_3": "AUS",
  "flag_code": "AU"
},
{
  "_id": {
    "$oid": "64f1911f12be535cc80d25df"
  },
  "id": "14",
  "phone": "43",
  "code": "AT",
  "name": "Austria",
  "symbol": "€",
  "capital": "Vienna",
  "currency": "EUR",
  "continent": "Europe",
  "continent_code": "EU",
  "alpha_3": "AUT",
  "flag_code": "AT"
},
{
  "_id": {
    "$oid": "64f1911f12be535cc80d25e0"
  },
  "id": "15",
  "phone": "994",
  "code": "AZ",
  "name": "Azerbaijan",
  "symbol": "m",
  "capital": "Baku",
  "currency": "AZN",
  "continent": "Asia",
  "continent_code": "AS",
  "alpha_3": "AZE",
  "flag_code": "AZ"
},
{
  "_id": {
    "$oid": "64f1911f12be535cc80d25e1"
  },
  "id": "16",
  "phone": "1242",
  "code": "BS",
  "name": "Bahamas",
  "symbol": "B$",
  "capital": "Nassau",
  "currency": "BSD",
  "continent": "North America",
  "continent_code": "NA",
  "alpha_3": "BHS",
  "flag_code": "BS"
},
{
  "_id": {
    "$oid": "64f1911f12be535cc80d25e2"
  },
  "id": "17",
  "phone": "973",
  "code": "BH",
  "name": "Bahrain",
  "symbol": ".د.ب",
  "capital": "Manama",
  "currency": "BHD",
  "continent": "Asia",
  "continent_code": "AS",
  "alpha_3": "BHR",
  "flag_code": "BH"
},
{
  "_id": {
    "$oid": "64f1911f12be535cc80d25e3"
  },
  "id": "18",
  "phone": "880",
  "code": "BD",
  "name": "Bangladesh",
  "symbol": "৳",
  "capital": "Dhaka",
  "currency": "BDT",
  "continent": "Asia",
  "continent_code": "AS",
  "alpha_3": "BGD",
  "flag_code": "BD"
},
{
  "_id": {
    "$oid": "64f1911f12be535cc80d25e4"
  },
  "id": "19",
  "phone": "1246",
  "code": "BB",
  "name": "Barbados",
  "symbol": "Bds$",
  "capital": "Bridgetown",
  "currency": "BBD",
  "continent": "North America",
  "continent_code": "NA",
  "alpha_3": "BRB",
  "flag_code": "BB"
},
{
  "_id": {
    "$oid": "64f1911f12be535cc80d25e5"
  },
  "id": "20",
  "phone": "375",
  "code": "BY",
  "name": "Belarus",
  "symbol": "Br",
  "capital": "Minsk",
  "currency": "BYN",
  "continent": "Europe",
  "continent_code": "EU",
  "alpha_3": "BLR",
  "flag_code": "BY"
},
{
  "_id": {
    "$oid": "64f1911f12be535cc80d25e6"
  },
  "id": "21",
  "phone": "32",
  "code": "BE",
  "name": "Belgium",
  "symbol": "€",
  "capital": "Brussels",
  "currency": "EUR",
  "continent": "Europe",
  "continent_code": "EU",
  "alpha_3": "BEL",
  "flag_code": "BE"
},
{
  "_id": {
    "$oid": "64f1911f12be535cc80d25e7"
  },
  "id": "22",
  "phone": "501",
  "code": "BZ",
  "name": "Belize",
  "symbol": "$",
  "capital": "Belmopan",
  "currency": "BZD",
  "continent": "North America",
  "continent_code": "NA",
  "alpha_3": "BLZ",
  "flag_code": "BZ"
},
{
  "_id": {
    "$oid": "64f1911f12be535cc80d25e8"
  },
  "id": "23",
  "phone": "229",
  "code": "BJ",
  "name": "Benin",
  "symbol": "CFA",
  "capital": "Porto-Novo",
  "currency": "XOF",
  "continent": "Africa",
  "continent_code": "AF",
  "alpha_3": "BEN",
  "flag_code": "BJ"
},
{
  "_id": {
    "$oid": "64f1911f12be535cc80d25e9"
  },
  "id": "24",
  "phone": "1441",
  "code": "BM",
  "name": "Bermuda",
  "symbol": "$",
  "capital": "Hamilton",
  "currency": "BMD",
  "continent": "North America",
  "continent_code": "NA",
  "alpha_3": "BMU",
  "flag_code": "BM"
},
{
  "_id": {
    "$oid": "64f1911f12be535cc80d25ea"
  },
  "id": "25",
  "phone": "975",
  "code": "BT",
  "name": "Bhutan",
  "symbol": "Nu.",
  "capital": "Thimphu",
  "currency": "BTN",
  "continent": "Asia",
  "continent_code": "AS",
  "alpha_3": "BTN",
  "flag_code": "BT"
},
{
  "_id": {
    "$oid": "64f1911f12be535cc80d25eb"
  },
  "id": "26",
  "phone": "591",
  "code": "BO",
  "name": "Bolivia",
  "symbol": "Bs.",
  "capital": "Sucre",
  "currency": "BOB",
  "continent": "South America",
  "continent_code": "SA",
  "alpha_3": "BOL",
  "flag_code": "BO"
},
{
  "_id": {
    "$oid": "64f1911f12be535cc80d25ec"
  },
  "id": "27",
  "phone": "387",
  "code": "BA",
  "name": "Bosnia and Herzegovina",
  "symbol": "KM",
  "capital": "Sarajevo",
  "currency": "BAM",
  "continent": "Europe",
  "continent_code": "EU",
  "alpha_3": "BIH",
  "flag_code": "BA"
},
{
  "_id": {
    "$oid": "64f1911f12be535cc80d25ed"
  },
  "id": "28",
  "phone": "267",
  "code": "BW",
  "name": "Botswana",
  "symbol": "P",
  "capital": "Gaborone",
  "currency": "BWP",
  "continent": "Africa",
  "continent_code": "AF",
  "alpha_3": "BWA",
  "flag_code": "BW"
},
{
  "_id": {
    "$oid": "64f1911f12be535cc80d25ee"
  },
  "id": "29",
  "phone": "55",
  "code": "BV",
  "name": "Bouvet Island",
  "symbol": "kr",
  "capital": "",
  "currency": "NOK",
  "continent": "Antarctica",
  "continent_code": "AN",
  "alpha_3": "BVT",
  "flag_code": "BV"
},
{
  "_id": {
    "$oid": "64f1911f12be535cc80d25ef"
  },
  "id": "30",
  "phone": "55",
  "code": "BR",
  "name": "Brazil",
  "symbol": "R$",
  "capital": "Brasilia",
  "currency": "BRL",
  "continent": "South America",
  "continent_code": "SA",
  "alpha_3": "BRA",
  "flag_code": "BR"
},
{
  "_id": {
    "$oid": "64f1911f12be535cc80d25f0"
  },
  "id": "31",
  "phone": "246",
  "code": "IO",
  "name": "British Indian Ocean Territory",
  "symbol": "$",
  "capital": "Diego Garcia",
  "currency": "USD",
  "continent": "Asia",
  "continent_code": "AS",
  "alpha_3": "IOT",
  "flag_code": "IO"
},
{
  "_id": {
    "$oid": "64f1911f12be535cc80d25f1"
  },
  "id": "32",
  "phone": "673",
  "code": "BN",
  "name": "Brunei Darussalam",
  "symbol": "B$",
  "capital": "Bandar Seri Begawan",
  "currency": "BND",
  "continent": "Asia",
  "continent_code": "AS",
  "alpha_3": "BRN",
  "flag_code": ""
},
{
  "_id": {
    "$oid": "64f1911f12be535cc80d25f2"
  },
  "id": "33",
  "phone": "359",
  "code": "BG",
  "name": "Bulgaria",
  "symbol": "Лв.",
  "capital": "Sofia",
  "currency": "BGN",
  "continent": "Europe",
  "continent_code": "EU",
  "alpha_3": "BGR",
  "flag_code": "BG"
},
{
  "_id": {
    "$oid": "64f1911f12be535cc80d25f3"
  },
  "id": "34",
  "phone": "226",
  "code": "BF",
  "name": "Burkina Faso",
  "symbol": "CFA",
  "capital": "Ouagadougou",
  "currency": "XOF",
  "continent": "Africa",
  "continent_code": "AF",
  "alpha_3": "BFA",
  "flag_code": "BF"
},
{
  "_id": {
    "$oid": "64f1911f12be535cc80d25f4"
  },
  "id": "35",
  "phone": "257",
  "code": "BI",
  "name": "Burundi",
  "symbol": "FBu",
  "capital": "Bujumbura",
  "currency": "BIF",
  "continent": "Africa",
  "continent_code": "AF",
  "alpha_3": "BDI",
  "flag_code": "BI"
},
{
  "_id": {
    "$oid": "64f1911f12be535cc80d25f5"
  },
  "id": "36",
  "phone": "855",
  "code": "KH",
  "name": "Cambodia",
  "symbol": "KHR",
  "capital": "Phnom Penh",
  "currency": "KHR",
  "continent": "Asia",
  "continent_code": "AS",
  "alpha_3": "KHM",
  "flag_code": "KH"
},
{
  "_id": {
    "$oid": "64f1911f12be535cc80d25f6"
  },
  "id": "37",
  "phone": "237",
  "code": "CM",
  "name": "Cameroon",
  "symbol": "FCFA",
  "capital": "Yaounde",
  "currency": "XAF",
  "continent": "Africa",
  "continent_code": "AF",
  "alpha_3": "CMR",
  "flag_code": "CM"
},
{
  "_id": {
    "$oid": "64f1911f12be535cc80d25f7"
  },
  "id": "38",
  "phone": "1",
  "code": "CA",
  "name": "Canada",
  "symbol": "$",
  "capital": "Ottawa",
  "currency": "CAD",
  "continent": "North America",
  "continent_code": "NA",
  "alpha_3": "CAN",
  "flag_code": "CA"
},
{
  "_id": {
    "$oid": "64f1911f12be535cc80d25f8"
  },
  "id": "39",
  "phone": "238",
  "code": "CV",
  "name": "Cape Verde",
  "symbol": "$",
  "capital": "Praia",
  "currency": "CVE",
  "continent": "Africa",
  "continent_code": "AF",
  "alpha_3": "CPV",
  "flag_code": "CV"
},
{
  "_id": {
    "$oid": "64f1911f12be535cc80d25f9"
  },
  "id": "40",
  "phone": "1345",
  "code": "KY",
  "name": "Cayman Islands",
  "symbol": "$",
  "capital": "George Town",
  "currency": "KYD",
  "continent": "North America",
  "continent_code": "NA",
  "alpha_3": "CYM",
  "flag_code": "KY"
},
{
  "_id": {
    "$oid": "64f1911f12be535cc80d25fa"
  },
  "id": "41",
  "phone": "236",
  "code": "CF",
  "name": "Central African Republic",
  "symbol": "FCFA",
  "capital": "Bangui",
  "currency": "XAF",
  "continent": "Africa",
  "continent_code": "AF",
  "alpha_3": "CAF",
  "flag_code": "CF"
},
{
  "_id": {
    "$oid": "64f1911f12be535cc80d25fb"
  },
  "id": "42",
  "phone": "235",
  "code": "TD",
  "name": "Chad",
  "symbol": "FCFA",
  "capital": "N\\'Djamena",
  "currency": "XAF",
  "continent": "Africa",
  "continent_code": "AF",
  "alpha_3": "TCD",
  "flag_code": "TD"
},
{
  "_id": {
    "$oid": "64f1911f12be535cc80d25fc"
  },
  "id": "43",
  "phone": "56",
  "code": "CL",
  "name": "Chile",
  "symbol": "$",
  "capital": "Santiago",
  "currency": "CLP",
  "continent": "South America",
  "continent_code": "SA",
  "alpha_3": "CHL",
  "flag_code": "CL"
},
{
  "_id": {
    "$oid": "64f1911f12be535cc80d25fd"
  },
  "id": "44",
  "phone": "86",
  "code": "CN",
  "name": "China",
  "symbol": "¥",
  "capital": "Beijing",
  "currency": "CNY",
  "continent": "Asia",
  "continent_code": "AS",
  "alpha_3": "CHN",
  "flag_code": "CN"
},
{
  "_id": {
    "$oid": "64f1911f12be535cc80d25fe"
  },
  "id": "45",
  "phone": "61",
  "code": "CX",
  "name": "Christmas Island",
  "symbol": "$",
  "capital": "Flying Fish Cove",
  "currency": "AUD",
  "continent": "Asia",
  "continent_code": "AS",
  "alpha_3": "CXR",
  "flag_code": "CX"
},
{
  "_id": {
    "$oid": "64f1911f12be535cc80d25ff"
  },
  "id": "46",
  "phone": "672",
  "code": "CC",
  "name": "Cocos (Keeling) Islands",
  "symbol": "$",
  "capital": "West Island",
  "currency": "AUD",
  "continent": "Asia",
  "continent_code": "AS",
  "alpha_3": "CCK",
  "flag_code": ""
},
{
  "_id": {
    "$oid": "64f1911f12be535cc80d2600"
  },
  "id": "47",
  "phone": "57",
  "code": "CO",
  "name": "Colombia",
  "symbol": "$",
  "capital": "Bogota",
  "currency": "COP",
  "continent": "South America",
  "continent_code": "SA",
  "alpha_3": "COL",
  "flag_code": "CO"
},
{
  "_id": {
    "$oid": "64f1911f12be535cc80d2601"
  },
  "id": "48",
  "phone": "269",
  "code": "KM",
  "name": "Comoros",
  "symbol": "CF",
  "capital": "Moroni",
  "currency": "KMF",
  "continent": "Africa",
  "continent_code": "AF",
  "alpha_3": "COM",
  "flag_code": "KM"
},
{
  "_id": {
    "$oid": "64f1911f12be535cc80d2602"
  },
  "id": "49",
  "phone": "242",
  "code": "CG",
  "name": "Congo",
  "symbol": "FC",
  "capital": "Brazzaville",
  "currency": "XAF",
  "continent": "Africa",
  "continent_code": "AF",
  "alpha_3": "COG",
  "flag_code": ""
},
{
  "_id": {
    "$oid": "64f1911f12be535cc80d2603"
  },
  "id": "50",
  "phone": "242",
  "code": "CD",
  "name": "Congo, Democratic Republic of the Congo",
  "symbol": "FC",
  "capital": "Kinshasa",
  "currency": "CDF",
  "continent": "Africa",
  "continent_code": "AF",
  "alpha_3": "COD",
  "flag_code": ""
},
{
  "_id": {
    "$oid": "64f1911f12be535cc80d2604"
  },
  "id": "51",
  "phone": "682",
  "code": "CK",
  "name": "Cook Islands",
  "symbol": "$",
  "capital": "Avarua",
  "currency": "NZD",
  "continent": "Oceania",
  "continent_code": "OC",
  "alpha_3": "COK",
  "flag_code": "CK"
},
{
  "_id": {
    "$oid": "64f1911f12be535cc80d2605"
  },
  "id": "52",
  "phone": "506",
  "code": "CR",
  "name": "Costa Rica",
  "symbol": "₡",
  "capital": "San Jose",
  "currency": "CRC",
  "continent": "North America",
  "continent_code": "NA",
  "alpha_3": "CRI",
  "flag_code": "CR"
},
{
  "_id": {
    "$oid": "64f1911f12be535cc80d2606"
  },
  "id": "53",
  "phone": "225",
  "code": "CI",
  "name": "Cote D\\'Ivoire",
  "symbol": "CFA",
  "capital": "Yamoussoukro",
  "currency": "XOF",
  "continent": "Africa",
  "continent_code": "AF",
  "alpha_3": "CIV",
  "flag_code": ""
},
{
  "_id": {
    "$oid": "64f1911f12be535cc80d2607"
  },
  "id": "54",
  "phone": "385",
  "code": "HR",
  "name": "Croatia",
  "symbol": "kn",
  "capital": "Zagreb",
  "currency": "HRK",
  "continent": "Europe",
  "continent_code": "EU",
  "alpha_3": "HRV",
  "flag_code": "HR"
},
{
  "_id": {
    "$oid": "64f1911f12be535cc80d2608"
  },
  "id": "55",
  "phone": "53",
  "code": "CU",
  "name": "Cuba",
  "symbol": "$",
  "capital": "Havana",
  "currency": "CUP",
  "continent": "North America",
  "continent_code": "NA",
  "alpha_3": "CUB",
  "flag_code": "CU"
},
{
  "_id": {
    "$oid": "64f1911f12be535cc80d2609"
  },
  "id": "56",
  "phone": "357",
  "code": "CY",
  "name": "Cyprus",
  "symbol": "€",
  "capital": "Nicosia",
  "currency": "EUR",
  "continent": "Asia",
  "continent_code": "AS",
  "alpha_3": "CYP",
  "flag_code": "CY"
},
{
  "_id": {
    "$oid": "64f1911f12be535cc80d260a"
  },
  "id": "57",
  "phone": "420",
  "code": "CZ",
  "name": "Czech Republic",
  "symbol": "Kč",
  "capital": "Prague",
  "currency": "CZK",
  "continent": "Europe",
  "continent_code": "EU",
  "alpha_3": "CZE",
  "flag_code": "CZ"
},
{
  "_id": {
    "$oid": "64f1911f12be535cc80d260b"
  },
  "id": "58",
  "phone": "45",
  "code": "DK",
  "name": "Denmark",
  "symbol": "Kr.",
  "capital": "Copenhagen",
  "currency": "DKK",
  "continent": "Europe",
  "continent_code": "EU",
  "alpha_3": "DNK",
  "flag_code": "DK"
},
{
  "_id": {
    "$oid": "64f1911f12be535cc80d260c"
  },
  "id": "59",
  "phone": "253",
  "code": "DJ",
  "name": "Djibouti",
  "symbol": "Fdj",
  "capital": "Djibouti",
  "currency": "DJF",
  "continent": "Africa",
  "continent_code": "AF",
  "alpha_3": "DJI",
  "flag_code": "DJ"
},
{
  "_id": {
    "$oid": "64f1911f12be535cc80d260d"
  },
  "id": "60",
  "phone": "1767",
  "code": "DM",
  "name": "Dominica",
  "symbol": "$",
  "capital": "Roseau",
  "currency": "XCD",
  "continent": "North America",
  "continent_code": "NA",
  "alpha_3": "DMA",
  "flag_code": "DM"
},
{
  "_id": {
    "$oid": "64f1911f12be535cc80d260e"
  },
  "id": "61",
  "phone": "1809",
  "code": "DO",
  "name": "Dominican Republic",
  "symbol": "$",
  "capital": "Santo Domingo",
  "currency": "DOP",
  "continent": "North America",
  "continent_code": "NA",
  "alpha_3": "DOM",
  "flag_code": "DO"
},
{
  "_id": {
    "$oid": "64f1911f12be535cc80d260f"
  },
  "id": "63",
  "phone": "593",
  "code": "EC",
  "name": "Ecuador",
  "symbol": "$",
  "capital": "Quito",
  "currency": "USD",
  "continent": "South America",
  "continent_code": "SA",
  "alpha_3": "ECU",
  "flag_code": "EC"
},
{
  "_id": {
    "$oid": "64f1911f12be535cc80d2610"
  },
  "id": "64",
  "phone": "20",
  "code": "EG",
  "name": "Egypt",
  "symbol": "ج.م",
  "capital": "Cairo",
  "currency": "EGP",
  "continent": "Africa",
  "continent_code": "AF",
  "alpha_3": "EGY",
  "flag_code": "EG"
},
{
  "_id": {
    "$oid": "64f1911f12be535cc80d2611"
  },
  "id": "65",
  "phone": "503",
  "code": "SV",
  "name": "El Salvador",
  "symbol": "$",
  "capital": "San Salvador",
  "currency": "USD",
  "continent": "North America",
  "continent_code": "NA",
  "alpha_3": "SLV",
  "flag_code": "SV"
},
{
  "_id": {
    "$oid": "64f1911f12be535cc80d2612"
  },
  "id": "66",
  "phone": "240",
  "code": "GQ",
  "name": "Equatorial Guinea",
  "symbol": "FCFA",
  "capital": "Malabo",
  "currency": "XAF",
  "continent": "Africa",
  "continent_code": "AF",
  "alpha_3": "GNQ",
  "flag_code": "GQ"
},
{
  "_id": {
    "$oid": "64f1911f12be535cc80d2613"
  },
  "id": "67",
  "phone": "291",
  "code": "ER",
  "name": "Eritrea",
  "symbol": "Nfk",
  "capital": "Asmara",
  "currency": "ERN",
  "continent": "Africa",
  "continent_code": "AF",
  "alpha_3": "ERI",
  "flag_code": "ER"
},
{
  "_id": {
    "$oid": "64f1911f12be535cc80d2614"
  },
  "id": "68",
  "phone": "372",
  "code": "EE",
  "name": "Estonia",
  "symbol": "€",
  "capital": "Tallinn",
  "currency": "EUR",
  "continent": "Europe",
  "continent_code": "EU",
  "alpha_3": "EST",
  "flag_code": "EE"
},
{
  "_id": {
    "$oid": "64f1911f12be535cc80d2615"
  },
  "id": "69",
  "phone": "251",
  "code": "ET",
  "name": "Ethiopia",
  "symbol": "Nkf",
  "capital": "Addis Ababa",
  "currency": "ETB",
  "continent": "Africa",
  "continent_code": "AF",
  "alpha_3": "ETH",
  "flag_code": "ET"
},
{
  "_id": {
    "$oid": "64f1911f12be535cc80d2616"
  },
  "id": "71",
  "phone": "500",
  "code": "FK",
  "name": "Falkland Islands (Malvinas)",
  "symbol": "£",
  "capital": "Stanley",
  "currency": "FKP",
  "continent": "South America",
  "continent_code": "SA",
  "alpha_3": "FLK",
  "flag_code": ""
},
{
  "_id": {
    "$oid": "64f1911f12be535cc80d2617"
  },
  "id": "72",
  "phone": "298",
  "code": "FO",
  "name": "Faroe Islands",
  "symbol": "Kr.",
  "capital": "Torshavn",
  "currency": "DKK",
  "continent": "Europe",
  "continent_code": "EU",
  "alpha_3": "FRO",
  "flag_code": "FO"
},
{
  "_id": {
    "$oid": "64f1911f12be535cc80d2618"
  },
  "id": "73",
  "phone": "679",
  "code": "FJ",
  "name": "Fiji",
  "symbol": "FJ$",
  "capital": "Suva",
  "currency": "FJD",
  "continent": "Oceania",
  "continent_code": "OC",
  "alpha_3": "FJI",
  "flag_code": "FJ"
},
{
  "_id": {
    "$oid": "64f1911f12be535cc80d2619"
  },
  "id": "74",
  "phone": "358",
  "code": "FI",
  "name": "Finland",
  "symbol": "€",
  "capital": "Helsinki",
  "currency": "EUR",
  "continent": "Europe",
  "continent_code": "EU",
  "alpha_3": "FIN",
  "flag_code": "FI"
},
{
  "_id": {
    "$oid": "64f1911f12be535cc80d261a"
  },
  "id": "75",
  "phone": "33",
  "code": "FR",
  "name": "France",
  "symbol": "€",
  "capital": "Paris",
  "currency": "EUR",
  "continent": "Europe",
  "continent_code": "EU",
  "alpha_3": "FRA",
  "flag_code": "FR"
},
{
  "_id": {
    "$oid": "64f1911f12be535cc80d261b"
  },
  "id": "76",
  "phone": "594",
  "code": "GF",
  "name": "French Guiana",
  "symbol": "€",
  "capital": "Cayenne",
  "currency": "EUR",
  "continent": "South America",
  "continent_code": "SA",
  "alpha_3": "GUF",
  "flag_code": "GF"
},
{
  "_id": {
    "$oid": "64f1911f12be535cc80d261c"
  },
  "id": "77",
  "phone": "689",
  "code": "PF",
  "name": "French Polynesia",
  "symbol": "₣",
  "capital": "Papeete",
  "currency": "XPF",
  "continent": "Oceania",
  "continent_code": "OC",
  "alpha_3": "PYF",
  "flag_code": "PF"
},
{
  "_id": {
    "$oid": "64f1911f12be535cc80d261d"
  },
  "id": "78",
  "phone": "262",
  "code": "TF",
  "name": "French Southern Territories",
  "symbol": "€",
  "capital": "Port-aux-Francais",
  "currency": "EUR",
  "continent": "Antarctica",
  "continent_code": "AN",
  "alpha_3": "ATF",
  "flag_code": "TF"
},
{
  "_id": {
    "$oid": "64f1911f12be535cc80d261e"
  },
  "id": "79",
  "phone": "241",
  "code": "GA",
  "name": "Gabon",
  "symbol": "FCFA",
  "capital": "Libreville",
  "currency": "XAF",
  "continent": "Africa",
  "continent_code": "AF",
  "alpha_3": "GAB",
  "flag_code": "GA"
},
{
  "_id": {
    "$oid": "64f1911f12be535cc80d261f"
  },
  "id": "80",
  "phone": "220",
  "code": "GM",
  "name": "Gambia",
  "symbol": "D",
  "capital": "Banjul",
  "currency": "GMD",
  "continent": "Africa",
  "continent_code": "AF",
  "alpha_3": "GMB",
  "flag_code": "GM"
},
{
  "_id": {
    "$oid": "64f1911f12be535cc80d2620"
  },
  "id": "81",
  "phone": "995",
  "code": "GE",
  "name": "Georgia",
  "symbol": "ლ",
  "capital": "Tbilisi",
  "currency": "GEL",
  "continent": "Asia",
  "continent_code": "AS",
  "alpha_3": "GEO",
  "flag_code": "GE"
},
{
  "_id": {
    "$oid": "64f1911f12be535cc80d2621"
  },
  "id": "82",
  "phone": "49",
  "code": "DE",
  "name": "Germany",
  "symbol": "€",
  "capital": "Berlin",
  "currency": "EUR",
  "continent": "Europe",
  "continent_code": "EU",
  "alpha_3": "DEU",
  "flag_code": "DE"
},
{
  "_id": {
    "$oid": "64f1911f12be535cc80d2622"
  },
  "id": "83",
  "phone": "233",
  "code": "GH",
  "name": "Ghana",
  "symbol": "GH₵",
  "capital": "Accra",
  "currency": "GHS",
  "continent": "Africa",
  "continent_code": "AF",
  "alpha_3": "GHA",
  "flag_code": "GH"
},
{
  "_id": {
    "$oid": "64f1911f12be535cc80d2623"
  },
  "id": "84",
  "phone": "350",
  "code": "GI",
  "name": "Gibraltar",
  "symbol": "£",
  "capital": "Gibraltar",
  "currency": "GIP",
  "continent": "Europe",
  "continent_code": "EU",
  "alpha_3": "GIB",
  "flag_code": "GI"
},
{
  "_id": {
    "$oid": "64f1911f12be535cc80d2624"
  },
  "id": "85",
  "phone": "30",
  "code": "GR",
  "name": "Greece",
  "symbol": "€",
  "capital": "Athens",
  "currency": "EUR",
  "continent": "Europe",
  "continent_code": "EU",
  "alpha_3": "GRC",
  "flag_code": "GR"
},
{
  "_id": {
    "$oid": "64f1911f12be535cc80d2625"
  },
  "id": "86",
  "phone": "299",
  "code": "GL",
  "name": "Greenland",
  "symbol": "Kr.",
  "capital": "Nuuk",
  "currency": "DKK",
  "continent": "North America",
  "continent_code": "NA",
  "alpha_3": "GRL",
  "flag_code": "GL"
},
{
  "_id": {
    "$oid": "64f1911f12be535cc80d2626"
  },
  "id": "87",
  "phone": "1473",
  "code": "GD",
  "name": "Grenada",
  "symbol": "$",
  "capital": "St. George\\'s",
  "currency": "XCD",
  "continent": "North America",
  "continent_code": "NA",
  "alpha_3": "GRD",
  "flag_code": "GD"
},
{
  "_id": {
    "$oid": "64f1911f12be535cc80d2627"
  },
  "id": "88",
  "phone": "590",
  "code": "GP",
  "name": "Guadeloupe",
  "symbol": "€",
  "capital": "Basse-Terre",
  "currency": "EUR",
  "continent": "North America",
  "continent_code": "NA",
  "alpha_3": "GLP",
  "flag_code": "GP"
},
{
  "_id": {
    "$oid": "64f1911f12be535cc80d2628"
  },
  "id": "89",
  "phone": "1671",
  "code": "GU",
  "name": "Guam",
  "symbol": "$",
  "capital": "Hagatna",
  "currency": "USD",
  "continent": "Oceania",
  "continent_code": "OC",
  "alpha_3": "GUM",
  "flag_code": "GU"
},
{
  "_id": {
    "$oid": "64f1911f12be535cc80d2629"
  },
  "id": "90",
  "phone": "502",
  "code": "GT",
  "name": "Guatemala",
  "symbol": "Q",
  "capital": "Guatemala City",
  "currency": "GTQ",
  "continent": "North America",
  "continent_code": "NA",
  "alpha_3": "GTM",
  "flag_code": "GT"
},
{
  "_id": {
    "$oid": "64f1911f12be535cc80d262a"
  },
  "id": "92",
  "phone": "224",
  "code": "GN",
  "name": "Guinea",
  "symbol": "FG",
  "capital": "Conakry",
  "currency": "GNF",
  "continent": "Africa",
  "continent_code": "AF",
  "alpha_3": "GIN",
  "flag_code": "GN"
},
{
  "_id": {
    "$oid": "64f1911f12be535cc80d262b"
  },
  "id": "93",
  "phone": "245",
  "code": "GW",
  "name": "Guinea-Bissau",
  "symbol": "CFA",
  "capital": "Bissau",
  "currency": "XOF",
  "continent": "Africa",
  "continent_code": "AF",
  "alpha_3": "GNB",
  "flag_code": "GW"
},
{
  "_id": {
    "$oid": "64f1911f12be535cc80d262c"
  },
  "id": "94",
  "phone": "592",
  "code": "GY",
  "name": "Guyana",
  "symbol": "$",
  "capital": "Georgetown",
  "currency": "GYD",
  "continent": "South America",
  "continent_code": "SA",
  "alpha_3": "GUY",
  "flag_code": "GY"
},
{
  "_id": {
    "$oid": "64f1911f12be535cc80d262d"
  },
  "id": "95",
  "phone": "509",
  "code": "HT",
  "name": "Haiti",
  "symbol": "G",
  "capital": "Port-au-Prince",
  "currency": "HTG",
  "continent": "North America",
  "continent_code": "NA",
  "alpha_3": "HTI",
  "flag_code": "HT"
},
{
  "_id": {
    "$oid": "64f1911f12be535cc80d262e"
  },
  "id": "96",
  "phone": "0",
  "code": "HM",
  "name": "Heard Island and Mcdonald Islands",
  "symbol": "$",
  "capital": "",
  "currency": "AUD",
  "continent": "Antarctica",
  "continent_code": "AN",
  "alpha_3": "HMD",
  "flag_code": "HM"
},
{
  "_id": {
    "$oid": "64f1911f12be535cc80d262f"
  },
  "id": "97",
  "phone": "504",
  "code": "HN",
  "name": "Honduras",
  "symbol": "L",
  "capital": "Tegucigalpa",
  "currency": "HNL",
  "continent": "North America",
  "continent_code": "NA",
  "alpha_3": "HND",
  "flag_code": "HN"
},
{
  "_id": {
    "$oid": "64f1911f12be535cc80d2630"
  },
  "id": "98",
  "phone": "852",
  "code": "HK",
  "name": "Hong Kong",
  "symbol": "$",
  "capital": "Hong Kong",
  "currency": "HKD",
  "continent": "Asia",
  "continent_code": "AS",
  "alpha_3": "HKG",
  "flag_code": "HK"
},
{
  "_id": {
    "$oid": "64f1911f12be535cc80d2631"
  },
  "id": "99",
  "phone": "36",
  "code": "HU",
  "name": "Hungary",
  "symbol": "Ft",
  "capital": "Budapest",
  "currency": "HUF",
  "continent": "Europe",
  "continent_code": "EU",
  "alpha_3": "HUN",
  "flag_code": "HU"
},
{
  "_id": {
    "$oid": "64f1911f12be535cc80d2632"
  },
  "id": "100",
  "phone": "354",
  "code": "IS",
  "name": "Iceland",
  "symbol": "kr",
  "capital": "Reykjavik",
  "currency": "ISK",
  "continent": "Europe",
  "continent_code": "EU",
  "alpha_3": "ISL",
  "flag_code": "IS"
},
{
  "_id": {
    "$oid": "64f1911f12be535cc80d2633"
  },
  "id": "101",
  "phone": "91",
  "code": "IN",
  "name": "India",
  "symbol": "₹",
  "capital": "New Delhi",
  "currency": "INR",
  "continent": "Asia",
  "continent_code": "AS",
  "alpha_3": "IND",
  "flag_code": "IN"
},
{
  "_id": {
    "$oid": "64f1911f12be535cc80d2634"
  },
  "id": "102",
  "phone": "62",
  "code": "ID",
  "name": "Indonesia",
  "symbol": "Rp",
  "capital": "Jakarta",
  "currency": "IDR",
  "continent": "Asia",
  "continent_code": "AS",
  "alpha_3": "IDN",
  "flag_code": "ID"
},
{
  "_id": {
    "$oid": "64f1911f12be535cc80d2635"
  },
  "id": "103",
  "phone": "98",
  "code": "IR",
  "name": "Iran, Islamic Republic of",
  "symbol": "﷼",
  "capital": "Tehran",
  "currency": "IRR",
  "continent": "Asia",
  "continent_code": "AS",
  "alpha_3": "IRN",
  "flag_code": ""
},
{
  "_id": {
    "$oid": "64f1911f12be535cc80d2636"
  },
  "id": "104",
  "phone": "964",
  "code": "IQ",
  "name": "Iraq",
  "symbol": "د.ع",
  "capital": "Baghdad",
  "currency": "IQD",
  "continent": "Asia",
  "continent_code": "AS",
  "alpha_3": "IRQ",
  "flag_code": "IQ"
},
{
  "_id": {
    "$oid": "64f1911f12be535cc80d2637"
  },
  "id": "105",
  "phone": "353",
  "code": "IE",
  "name": "Ireland",
  "symbol": "€",
  "capital": "Dublin",
  "currency": "EUR",
  "continent": "Europe",
  "continent_code": "EU",
  "alpha_3": "IRL",
  "flag_code": "IE"
},
{
  "_id": {
    "$oid": "64f1911f12be535cc80d2638"
  },
  "id": "106",
  "phone": "972",
  "code": "IL",
  "name": "Israel",
  "symbol": "₪",
  "capital": "Jerusalem",
  "currency": "ILS",
  "continent": "Asia",
  "continent_code": "AS",
  "alpha_3": "ISR",
  "flag_code": "IL"
},
{
  "_id": {
    "$oid": "64f1911f12be535cc80d2639"
  },
  "id": "107",
  "phone": "39",
  "code": "IT",
  "name": "Italy",
  "symbol": "€",
  "capital": "Rome",
  "currency": "EUR",
  "continent": "Europe",
  "continent_code": "EU",
  "alpha_3": "ITA",
  "flag_code": "IT"
},
{
  "_id": {
    "$oid": "64f1911f12be535cc80d263a"
  },
  "id": "108",
  "phone": "1876",
  "code": "JM",
  "name": "Jamaica",
  "symbol": "J$",
  "capital": "Kingston",
  "currency": "JMD",
  "continent": "North America",
  "continent_code": "NA",
  "alpha_3": "JAM",
  "flag_code": "JM"
},
{
  "_id": {
    "$oid": "64f1911f12be535cc80d263b"
  },
  "id": "109",
  "phone": "81",
  "code": "JP",
  "name": "Japan",
  "symbol": "¥",
  "capital": "Tokyo",
  "currency": "JPY",
  "continent": "Asia",
  "continent_code": "AS",
  "alpha_3": "JPN",
  "flag_code": "JP"
},
{
  "_id": {
    "$oid": "64f1911f12be535cc80d263c"
  },
  "id": "111",
  "phone": "962",
  "code": "JO",
  "name": "Jordan",
  "symbol": "ا.د",
  "capital": "Amman",
  "currency": "JOD",
  "continent": "Asia",
  "continent_code": "AS",
  "alpha_3": "JOR",
  "flag_code": "JO"
},
{
  "_id": {
    "$oid": "64f1911f12be535cc80d263d"
  },
  "id": "112",
  "phone": "7",
  "code": "KZ",
  "name": "Kazakhstan",
  "symbol": "лв",
  "capital": "Astana",
  "currency": "KZT",
  "continent": "Asia",
  "continent_code": "AS",
  "alpha_3": "KAZ",
  "flag_code": "KZ"
},
{
  "_id": {
    "$oid": "64f1911f12be535cc80d263e"
  },
  "id": "113",
  "phone": "254",
  "code": "KE",
  "name": "Kenya",
  "symbol": "KSh",
  "capital": "Nairobi",
  "currency": "KES",
  "continent": "Africa",
  "continent_code": "AF",
  "alpha_3": "KEN",
  "flag_code": "KE"
},
{
  "_id": {
    "$oid": "64f1911f12be535cc80d263f"
  },
  "id": "114",
  "phone": "686",
  "code": "KI",
  "name": "Kiribati",
  "symbol": "$",
  "capital": "Tarawa",
  "currency": "AUD",
  "continent": "Oceania",
  "continent_code": "OC",
  "alpha_3": "KIR",
  "flag_code": "KI"
},
{
  "_id": {
    "$oid": "64f1911f12be535cc80d2640"
  },
  "id": "115",
  "phone": "850",
  "code": "KP",
  "name": "Korea, Democratic People\\'s Republic of",
  "symbol": "₩",
  "capital": "Pyongyang",
  "currency": "KPW",
  "continent": "Asia",
  "continent_code": "AS",
  "alpha_3": "PRK",
  "flag_code": ""
},
{
  "_id": {
    "$oid": "64f1911f12be535cc80d2641"
  },
  "id": "116",
  "phone": "82",
  "code": "KR",
  "name": "Korea, Republic of",
  "symbol": "₩",
  "capital": "Seoul",
  "currency": "KRW",
  "continent": "Asia",
  "continent_code": "AS",
  "alpha_3": "KOR",
  "flag_code": ""
},
{
  "_id": {
    "$oid": "64f1911f12be535cc80d2642"
  },
  "id": "117",
  "phone": "965",
  "code": "KW",
  "name": "Kuwait",
  "symbol": "ك.د",
  "capital": "Kuwait City",
  "currency": "KWD",
  "continent": "Asia",
  "continent_code": "AS",
  "alpha_3": "KWT",
  "flag_code": "KW"
},
{
  "_id": {
    "$oid": "64f1911f12be535cc80d2643"
  },
  "id": "118",
  "phone": "996",
  "code": "KG",
  "name": "Kyrgyzstan",
  "symbol": "лв",
  "capital": "Bishkek",
  "currency": "KGS",
  "continent": "Asia",
  "continent_code": "AS",
  "alpha_3": "KGZ",
  "flag_code": "KG"
},
{
  "_id": {
    "$oid": "64f1911f12be535cc80d2644"
  },
  "id": "119",
  "phone": "856",
  "code": "LA",
  "name": "Lao People\\'s Democratic Republic",
  "symbol": "₭",
  "capital": "Vientiane",
  "currency": "LAK",
  "continent": "Asia",
  "continent_code": "AS",
  "alpha_3": "LAO",
  "flag_code": ""
},
{
  "_id": {
    "$oid": "64f1911f12be535cc80d2645"
  },
  "id": "120",
  "phone": "371",
  "code": "LV",
  "name": "Latvia",
  "symbol": "€",
  "capital": "Riga",
  "currency": "EUR",
  "continent": "Europe",
  "continent_code": "EU",
  "alpha_3": "LVA",
  "flag_code": "LV"
},
{
  "_id": {
    "$oid": "64f1911f12be535cc80d2646"
  },
  "id": "121",
  "phone": "961",
  "code": "LB",
  "name": "Lebanon",
  "symbol": "£",
  "capital": "Beirut",
  "currency": "LBP",
  "continent": "Asia",
  "continent_code": "AS",
  "alpha_3": "LBN",
  "flag_code": "LB"
},
{
  "_id": {
    "$oid": "64f1911f12be535cc80d2647"
  },
  "id": "122",
  "phone": "266",
  "code": "LS",
  "name": "Lesotho",
  "symbol": "L",
  "capital": "Maseru",
  "currency": "LSL",
  "continent": "Africa",
  "continent_code": "AF",
  "alpha_3": "LSO",
  "flag_code": "LS"
},
{
  "_id": {
    "$oid": "64f1911f12be535cc80d2648"
  },
  "id": "123",
  "phone": "231",
  "code": "LR",
  "name": "Liberia",
  "symbol": "$",
  "capital": "Monrovia",
  "currency": "LRD",
  "continent": "Africa",
  "continent_code": "AF",
  "alpha_3": "LBR",
  "flag_code": "LR"
},
{
  "_id": {
    "$oid": "64f1911f12be535cc80d2649"
  },
  "id": "124",
  "phone": "218",
  "code": "LY",
  "name": "Libyan Arab Jamahiriya",
  "symbol": "د.ل",
  "capital": "Tripolis",
  "currency": "LYD",
  "continent": "Africa",
  "continent_code": "AF",
  "alpha_3": "LBY",
  "flag_code": ""
},
{
  "_id": {
    "$oid": "64f1911f12be535cc80d264a"
  },
  "id": "125",
  "phone": "423",
  "code": "LI",
  "name": "Liechtenstein",
  "symbol": "CHf",
  "capital": "Vaduz",
  "currency": "CHF",
  "continent": "Europe",
  "continent_code": "EU",
  "alpha_3": "LIE",
  "flag_code": "LI"
},
{
  "_id": {
    "$oid": "64f1911f12be535cc80d264b"
  },
  "id": "126",
  "phone": "370",
  "code": "LT",
  "name": "Lithuania",
  "symbol": "€",
  "capital": "Vilnius",
  "currency": "EUR",
  "continent": "Europe",
  "continent_code": "EU",
  "alpha_3": "LTU",
  "flag_code": "LT"
},
{
  "_id": {
    "$oid": "64f1911f12be535cc80d264c"
  },
  "id": "127",
  "phone": "352",
  "code": "LU",
  "name": "Luxembourg",
  "symbol": "€",
  "capital": "Luxembourg",
  "currency": "EUR",
  "continent": "Europe",
  "continent_code": "EU",
  "alpha_3": "LUX",
  "flag_code": "LU"
},
{
  "_id": {
    "$oid": "64f1911f12be535cc80d264d"
  },
  "id": "128",
  "phone": "853",
  "code": "MO",
  "name": "Macao",
  "symbol": "$",
  "capital": "Macao",
  "currency": "MOP",
  "continent": "Asia",
  "continent_code": "AS",
  "alpha_3": "MAC",
  "flag_code": "MO"
},
{
  "_id": {
    "$oid": "64f1911f12be535cc80d264e"
  },
  "id": "129",
  "phone": "389",
  "code": "MK",
  "name": "Macedonia, the Former Yugoslav Republic of",
  "symbol": "ден",
  "capital": "Skopje",
  "currency": "MKD",
  "continent": "Europe",
  "continent_code": "EU",
  "alpha_3": "MKD",
  "flag_code": ""
},
{
  "_id": {
    "$oid": "64f1911f12be535cc80d264f"
  },
  "id": "130",
  "phone": "261",
  "code": "MG",
  "name": "Madagascar",
  "symbol": "Ar",
  "capital": "Antananarivo",
  "currency": "MGA",
  "continent": "Africa",
  "continent_code": "AF",
  "alpha_3": "MDG",
  "flag_code": "MG"
},
{
  "_id": {
    "$oid": "64f1911f12be535cc80d2650"
  },
  "id": "131",
  "phone": "265",
  "code": "MW",
  "name": "Malawi",
  "symbol": "MK",
  "capital": "Lilongwe",
  "currency": "MWK",
  "continent": "Africa",
  "continent_code": "AF",
  "alpha_3": "MWI",
  "flag_code": "MW"
},
{
  "_id": {
    "$oid": "64f1911f12be535cc80d2651"
  },
  "id": "132",
  "phone": "60",
  "code": "MY",
  "name": "Malaysia",
  "symbol": "RM",
  "capital": "Kuala Lumpur",
  "currency": "MYR",
  "continent": "Asia",
  "continent_code": "AS",
  "alpha_3": "MYS",
  "flag_code": "MY"
},
{
  "_id": {
    "$oid": "64f1911f12be535cc80d2652"
  },
  "id": "133",
  "phone": "960",
  "code": "MV",
  "name": "Maldives",
  "symbol": "Rf",
  "capital": "Male",
  "currency": "MVR",
  "continent": "Asia",
  "continent_code": "AS",
  "alpha_3": "MDV",
  "flag_code": "MV"
},
{
  "_id": {
    "$oid": "64f1911f12be535cc80d2653"
  },
  "id": "134",
  "phone": "223",
  "code": "ML",
  "name": "Mali",
  "symbol": "CFA",
  "capital": "Bamako",
  "currency": "XOF",
  "continent": "Africa",
  "continent_code": "AF",
  "alpha_3": "MLI",
  "flag_code": "ML"
},
{
  "_id": {
    "$oid": "64f1911f12be535cc80d2654"
  },
  "id": "135",
  "phone": "356",
  "code": "MT",
  "name": "Malta",
  "symbol": "€",
  "capital": "Valletta",
  "currency": "EUR",
  "continent": "Europe",
  "continent_code": "EU",
  "alpha_3": "MLT",
  "flag_code": "MT"
},
{
  "_id": {
    "$oid": "64f1911f12be535cc80d2655"
  },
  "id": "137",
  "phone": "692",
  "code": "MH",
  "name": "Marshall Islands",
  "symbol": "$",
  "capital": "Majuro",
  "currency": "USD",
  "continent": "Oceania",
  "continent_code": "OC",
  "alpha_3": "MHL",
  "flag_code": "MH"
},
{
  "_id": {
    "$oid": "64f1911f12be535cc80d2656"
  },
  "id": "138",
  "phone": "596",
  "code": "MQ",
  "name": "Martinique",
  "symbol": "€",
  "capital": "Fort-de-France",
  "currency": "EUR",
  "continent": "North America",
  "continent_code": "NA",
  "alpha_3": "MTQ",
  "flag_code": "MQ"
},
{
  "_id": {
    "$oid": "64f1911f12be535cc80d2657"
  },
  "id": "139",
  "phone": "222",
  "code": "MR",
  "name": "Mauritania",
  "symbol": "MRU",
  "capital": "Nouakchott",
  "currency": "MRO",
  "continent": "Africa",
  "continent_code": "AF",
  "alpha_3": "MRT",
  "flag_code": "MR"
},
{
  "_id": {
    "$oid": "64f1911f12be535cc80d2658"
  },
  "id": "140",
  "phone": "230",
  "code": "MU",
  "name": "Mauritius",
  "symbol": "₨",
  "capital": "Port Louis",
  "currency": "MUR",
  "continent": "Africa",
  "continent_code": "AF",
  "alpha_3": "MUS",
  "flag_code": "MU"
},
{
  "_id": {
    "$oid": "64f1911f12be535cc80d2659"
  },
  "id": "141",
  "phone": "269",
  "code": "YT",
  "name": "Mayotte",
  "symbol": "€",
  "capital": "Mamoudzou",
  "currency": "EUR",
  "continent": "Africa",
  "continent_code": "AF",
  "alpha_3": "MYT",
  "flag_code": "YT"
},
{
  "_id": {
    "$oid": "64f1911f12be535cc80d265a"
  },
  "id": "142",
  "phone": "52",
  "code": "MX",
  "name": "Mexico",
  "symbol": "$",
  "capital": "Mexico City",
  "currency": "MXN",
  "continent": "North America",
  "continent_code": "NA",
  "alpha_3": "MEX",
  "flag_code": "MX"
},
{
  "_id": {
    "$oid": "64f1911f12be535cc80d265b"
  },
  "id": "143",
  "phone": "691",
  "code": "FM",
  "name": "Micronesia, Federated States of",
  "symbol": "$",
  "capital": "Palikir",
  "currency": "USD",
  "continent": "Oceania",
  "continent_code": "OC",
  "alpha_3": "FSM",
  "flag_code": ""
},
{
  "_id": {
    "$oid": "64f1911f12be535cc80d265c"
  },
  "id": "144",
  "phone": "373",
  "code": "MD",
  "name": "Moldova, Republic of",
  "symbol": "L",
  "capital": "Chisinau",
  "currency": "MDL",
  "continent": "Europe",
  "continent_code": "EU",
  "alpha_3": "MDA",
  "flag_code": ""
},
{
  "_id": {
    "$oid": "64f1911f12be535cc80d265d"
  },
  "id": "145",
  "phone": "377",
  "code": "MC",
  "name": "Monaco",
  "symbol": "€",
  "capital": "Monaco",
  "currency": "EUR",
  "continent": "Europe",
  "continent_code": "EU",
  "alpha_3": "MCO",
  "flag_code": "MC"
},
{
  "_id": {
    "$oid": "64f1911f12be535cc80d265e"
  },
  "id": "146",
  "phone": "976",
  "code": "MN",
  "name": "Mongolia",
  "symbol": "₮",
  "capital": "Ulan Bator",
  "currency": "MNT",
  "continent": "Asia",
  "continent_code": "AS",
  "alpha_3": "MNG",
  "flag_code": "MN"
},
{
  "_id": {
    "$oid": "64f1911f12be535cc80d265f"
  },
  "id": "147",
  "phone": "1664",
  "code": "MS",
  "name": "Montserrat",
  "symbol": "$",
  "capital": "Plymouth",
  "currency": "XCD",
  "continent": "North America",
  "continent_code": "NA",
  "alpha_3": "MSR",
  "flag_code": "MS"
},
{
  "_id": {
    "$oid": "64f1911f12be535cc80d2660"
  },
  "id": "148",
  "phone": "212",
  "code": "MA",
  "name": "Morocco",
  "symbol": "DH",
  "capital": "Rabat",
  "currency": "MAD",
  "continent": "Africa",
  "continent_code": "AF",
  "alpha_3": "MAR",
  "flag_code": "MA"
},
{
  "_id": {
    "$oid": "64f1911f12be535cc80d2661"
  },
  "id": "149",
  "phone": "258",
  "code": "MZ",
  "name": "Mozambique",
  "symbol": "MT",
  "capital": "Maputo",
  "currency": "MZN",
  "continent": "Africa",
  "continent_code": "AF",
  "alpha_3": "MOZ",
  "flag_code": "MZ"
},
{
  "_id": {
    "$oid": "64f1911f12be535cc80d2662"
  },
  "id": "150",
  "phone": "95",
  "code": "MM",
  "name": "Myanmar",
  "symbol": "K",
  "capital": "Nay Pyi Taw",
  "currency": "MMK",
  "continent": "Asia",
  "continent_code": "AS",
  "alpha_3": "MMR",
  "flag_code": ""
},
{
  "_id": {
    "$oid": "64f1911f12be535cc80d2663"
  },
  "id": "151",
  "phone": "264",
  "code": "NA",
  "name": "Namibia",
  "symbol": "$",
  "capital": "Windhoek",
  "currency": "NAD",
  "continent": "Africa",
  "continent_code": "AF",
  "alpha_3": "NAM",
  "flag_code": "NA"
},
{
  "_id": {
    "$oid": "64f1911f12be535cc80d2664"
  },
  "id": "152",
  "phone": "674",
  "code": "NR",
  "name": "Nauru",
  "symbol": "$",
  "capital": "Yaren",
  "currency": "AUD",
  "continent": "Oceania",
  "continent_code": "OC",
  "alpha_3": "NRU",
  "flag_code": "NR"
},
{
  "_id": {
    "$oid": "64f1911f12be535cc80d2665"
  },
  "id": "153",
  "phone": "977",
  "code": "NP",
  "name": "Nepal",
  "symbol": "₨",
  "capital": "Kathmandu",
  "currency": "NPR",
  "continent": "Asia",
  "continent_code": "AS",
  "alpha_3": "NPL",
  "flag_code": "NP"
},
{
  "_id": {
    "$oid": "64f1911f12be535cc80d2666"
  },
  "id": "154",
  "phone": "599",
  "code": "AN",
  "name": "Netherlands Antilles",
  "symbol": "NAf",
  "capital": "Willemstad",
  "currency": "ANG",
  "continent": "North America",
  "continent_code": "NA",
  "alpha_3": "ANT",
  "flag_code": ""
},
{
  "_id": {
    "$oid": "64f1911f12be535cc80d2667"
  },
  "id": "155",
  "phone": "31",
  "code": "NL",
  "name": "Netherlands",
  "symbol": "€",
  "capital": "Amsterdam",
  "currency": "EUR",
  "continent": "Europe",
  "continent_code": "EU",
  "alpha_3": "NLD",
  "flag_code": "NL"
},
{
  "_id": {
    "$oid": "64f1911f12be535cc80d2668"
  },
  "id": "156",
  "phone": "687",
  "code": "NC",
  "name": "New Caledonia",
  "symbol": "₣",
  "capital": "Noumea",
  "currency": "XPF",
  "continent": "Oceania",
  "continent_code": "OC",
  "alpha_3": "NCL",
  "flag_code": "NC"
},
{
  "_id": {
    "$oid": "64f1911f12be535cc80d2669"
  },
  "id": "157",
  "phone": "64",
  "code": "NZ",
  "name": "New Zealand",
  "symbol": "$",
  "capital": "Wellington",
  "currency": "NZD",
  "continent": "Oceania",
  "continent_code": "OC",
  "alpha_3": "NZL",
  "flag_code": "NZ"
},
{
  "_id": {
    "$oid": "64f1911f12be535cc80d266a"
  },
  "id": "158",
  "phone": "505",
  "code": "NI",
  "name": "Nicaragua",
  "symbol": "C$",
  "capital": "Managua",
  "currency": "NIO",
  "continent": "North America",
  "continent_code": "NA",
  "alpha_3": "NIC",
  "flag_code": "NI"
},
{
  "_id": {
    "$oid": "64f1911f12be535cc80d266b"
  },
  "id": "159",
  "phone": "227",
  "code": "NE",
  "name": "Niger",
  "symbol": "CFA",
  "capital": "Niamey",
  "currency": "XOF",
  "continent": "Africa",
  "continent_code": "AF",
  "alpha_3": "NER",
  "flag_code": "NE"
},
{
  "_id": {
    "$oid": "64f1911f12be535cc80d266c"
  },
  "id": "160",
  "phone": "234",
  "code": "NG",
  "name": "Nigeria",
  "symbol": "₦",
  "capital": "Abuja",
  "currency": "NGN",
  "continent": "Africa",
  "continent_code": "AF",
  "alpha_3": "NGA",
  "flag_code": "NG"
},
{
  "_id": {
    "$oid": "64f1911f12be535cc80d266d"
  },
  "id": "161",
  "phone": "683",
  "code": "NU",
  "name": "Niue",
  "symbol": "$",
  "capital": "Alofi",
  "currency": "NZD",
  "continent": "Oceania",
  "continent_code": "OC",
  "alpha_3": "NIU",
  "flag_code": "NU"
},
{
  "_id": {
    "$oid": "64f1911f12be535cc80d266e"
  },
  "id": "162",
  "phone": "672",
  "code": "NF",
  "name": "Norfolk Island",
  "symbol": "$",
  "capital": "Kingston",
  "currency": "AUD",
  "continent": "Oceania",
  "continent_code": "OC",
  "alpha_3": "NFK",
  "flag_code": "NF"
},
{
  "_id": {
    "$oid": "64f1911f12be535cc80d266f"
  },
  "id": "163",
  "phone": "1670",
  "code": "MP",
  "name": "Northern Mariana Islands",
  "symbol": "$",
  "capital": "Saipan",
  "currency": "USD",
  "continent": "Oceania",
  "continent_code": "OC",
  "alpha_3": "MNP",
  "flag_code": "MP"
},
{
  "_id": {
    "$oid": "64f1911f12be535cc80d2670"
  },
  "id": "164",
  "phone": "47",
  "code": "NO",
  "name": "Norway",
  "symbol": "kr",
  "capital": "Oslo",
  "currency": "NOK",
  "continent": "Europe",
  "continent_code": "EU",
  "alpha_3": "NOR",
  "flag_code": "NO"
},
{
  "_id": {
    "$oid": "64f1911f12be535cc80d2671"
  },
  "id": "165",
  "phone": "968",
  "code": "OM",
  "name": "Oman",
  "symbol": ".ع.ر",
  "capital": "Muscat",
  "currency": "OMR",
  "continent": "Asia",
  "continent_code": "AS",
  "alpha_3": "OMN",
  "flag_code": "OM"
},
{
  "_id": {
    "$oid": "64f1911f12be535cc80d2672"
  },
  "id": "166",
  "phone": "92",
  "code": "PK",
  "name": "Pakistan",
  "symbol": "₨",
  "capital": "Islamabad",
  "currency": "PKR",
  "continent": "Asia",
  "continent_code": "AS",
  "alpha_3": "PAK",
  "flag_code": "PK"
},
{
  "_id": {
    "$oid": "64f1911f12be535cc80d2673"
  },
  "id": "167",
  "phone": "680",
  "code": "PW",
  "name": "Palau",
  "symbol": "$",
  "capital": "Melekeok",
  "currency": "USD",
  "continent": "Oceania",
  "continent_code": "OC",
  "alpha_3": "PLW",
  "flag_code": "PW"
},
{
  "_id": {
    "$oid": "64f1911f12be535cc80d2674"
  },
  "id": "168",
  "phone": "970",
  "code": "PS",
  "name": "Palestinian Territory, Occupied",
  "symbol": "₪",
  "capital": "East Jerusalem",
  "currency": "ILS",
  "continent": "Asia",
  "continent_code": "AS",
  "alpha_3": "PSE",
  "flag_code": ""
},
{
  "_id": {
    "$oid": "64f1911f12be535cc80d2675"
  },
  "id": "169",
  "phone": "507",
  "code": "PA",
  "name": "Panama",
  "symbol": "B/.",
  "capital": "Panama City",
  "currency": "PAB",
  "continent": "North America",
  "continent_code": "NA",
  "alpha_3": "PAN",
  "flag_code": "PA"
},
{
  "_id": {
    "$oid": "64f1911f12be535cc80d2676"
  },
  "id": "170",
  "phone": "675",
  "code": "PG",
  "name": "Papua New Guinea",
  "symbol": "K",
  "capital": "Port Moresby",
  "currency": "PGK",
  "continent": "Oceania",
  "continent_code": "OC",
  "alpha_3": "PNG",
  "flag_code": "PG"
},
{
  "_id": {
    "$oid": "64f1911f12be535cc80d2677"
  },
  "id": "171",
  "phone": "595",
  "code": "PY",
  "name": "Paraguay",
  "symbol": "₲",
  "capital": "Asuncion",
  "currency": "PYG",
  "continent": "South America",
  "continent_code": "SA",
  "alpha_3": "PRY",
  "flag_code": "PY"
},
{
  "_id": {
    "$oid": "64f1911f12be535cc80d2678"
  },
  "id": "172",
  "phone": "51",
  "code": "PE",
  "name": "Peru",
  "symbol": "S/.",
  "capital": "Lima",
  "currency": "PEN",
  "continent": "South America",
  "continent_code": "SA",
  "alpha_3": "PER",
  "flag_code": "PE"
},
{
  "_id": {
    "$oid": "64f1911f12be535cc80d2679"
  },
  "id": "173",
  "phone": "63",
  "code": "PH",
  "name": "Philippines",
  "symbol": "₱",
  "capital": "Manila",
  "currency": "PHP",
  "continent": "Asia",
  "continent_code": "AS",
  "alpha_3": "PHL",
  "flag_code": "PH"
},
{
  "_id": {
    "$oid": "64f1911f12be535cc80d267a"
  },
  "id": "174",
  "phone": "64",
  "code": "PN",
  "name": "Pitcairn",
  "symbol": "$",
  "capital": "Adamstown",
  "currency": "NZD",
  "continent": "Oceania",
  "continent_code": "OC",
  "alpha_3": "PCN",
  "flag_code": ""
},
{
  "_id": {
    "$oid": "64f1911f12be535cc80d267b"
  },
  "id": "175",
  "phone": "48",
  "code": "PL",
  "name": "Poland",
  "symbol": "zł",
  "capital": "Warsaw",
  "currency": "PLN",
  "continent": "Europe",
  "continent_code": "EU",
  "alpha_3": "POL",
  "flag_code": "PL"
},
{
  "_id": {
    "$oid": "64f1911f12be535cc80d267c"
  },
  "id": "176",
  "phone": "351",
  "code": "PT",
  "name": "Portugal",
  "symbol": "€",
  "capital": "Lisbon",
  "currency": "EUR",
  "continent": "Europe",
  "continent_code": "EU",
  "alpha_3": "PRT",
  "flag_code": "PT"
},
{
  "_id": {
    "$oid": "64f1911f12be535cc80d267d"
  },
  "id": "177",
  "phone": "1787",
  "code": "PR",
  "name": "Puerto Rico",
  "symbol": "$",
  "capital": "San Juan",
  "currency": "USD",
  "continent": "North America",
  "continent_code": "NA",
  "alpha_3": "PRI",
  "flag_code": "PR"
},
{
  "_id": {
    "$oid": "64f1911f12be535cc80d267e"
  },
  "id": "178",
  "phone": "974",
  "code": "QA",
  "name": "Qatar",
  "symbol": "ق.ر",
  "capital": "Doha",
  "currency": "QAR",
  "continent": "Asia",
  "continent_code": "AS",
  "alpha_3": "QAT",
  "flag_code": "QA"
},
{
  "_id": {
    "$oid": "64f1911f12be535cc80d267f"
  },
  "id": "179",
  "phone": "262",
  "code": "RE",
  "name": "Reunion",
  "symbol": "€",
  "capital": "Saint-Denis",
  "currency": "EUR",
  "continent": "Africa",
  "continent_code": "AF",
  "alpha_3": "REU",
  "flag_code": "RE"
},
{
  "_id": {
    "$oid": "64f1911f12be535cc80d2680"
  },
  "id": "180",
  "phone": "40",
  "code": "RO",
  "name": "Romania",
  "symbol": "lei",
  "capital": "Bucharest",
  "currency": "RON",
  "continent": "Europe",
  "continent_code": "EU",
  "alpha_3": "ROM",
  "flag_code": "RO"
},
{
  "_id": {
    "$oid": "64f1911f12be535cc80d2681"
  },
  "id": "181",
  "phone": "70",
  "code": "RU",
  "name": "Russian Federation",
  "symbol": "₽",
  "capital": "Moscow",
  "currency": "RUB",
  "continent": "Asia",
  "continent_code": "AS",
  "alpha_3": "RUS",
  "flag_code": ""
},
{
  "_id": {
    "$oid": "64f1911f12be535cc80d2682"
  },
  "id": "182",
  "phone": "250",
  "code": "RW",
  "name": "Rwanda",
  "symbol": "FRw",
  "capital": "Kigali",
  "currency": "RWF",
  "continent": "Africa",
  "continent_code": "AF",
  "alpha_3": "RWA",
  "flag_code": "RW"
},
{
  "_id": {
    "$oid": "64f1911f12be535cc80d2683"
  },
  "id": "183",
  "phone": "290",
  "code": "SH",
  "name": "Saint Helena",
  "symbol": "£",
  "capital": "Jamestown",
  "currency": "SHP",
  "continent": "Africa",
  "continent_code": "AF",
  "alpha_3": "SHN",
  "flag_code": "SH"
},
{
  "_id": {
    "$oid": "64f1911f12be535cc80d2684"
  },
  "id": "184",
  "phone": "1869",
  "code": "KN",
  "name": "Saint Kitts and Nevis",
  "symbol": "$",
  "capital": "Basseterre",
  "currency": "XCD",
  "continent": "North America",
  "continent_code": "NA",
  "alpha_3": "KNA",
  "flag_code": "KN"
},
{
  "_id": {
    "$oid": "64f1911f12be535cc80d2685"
  },
  "id": "185",
  "phone": "1758",
  "code": "LC",
  "name": "Saint Lucia",
  "symbol": "$",
  "capital": "Castries",
  "currency": "XCD",
  "continent": "North America",
  "continent_code": "NA",
  "alpha_3": "LCA",
  "flag_code": "LC"
},
{
  "_id": {
    "$oid": "64f1911f12be535cc80d2686"
  },
  "id": "186",
  "phone": "508",
  "code": "PM",
  "name": "Saint Pierre and Miquelon",
  "symbol": "€",
  "capital": "Saint-Pierre",
  "currency": "EUR",
  "continent": "North America",
  "continent_code": "NA",
  "alpha_3": "SPM",
  "flag_code": "PM"
},
{
  "_id": {
    "$oid": "64f1911f12be535cc80d2687"
  },
  "id": "187",
  "phone": "1784",
  "code": "VC",
  "name": "Saint Vincent and the Grenadines",
  "symbol": "$",
  "capital": "Kingstown",
  "currency": "XCD",
  "continent": "North America",
  "continent_code": "NA",
  "alpha_3": "VCT",
  "flag_code": "VC"
},
{
  "_id": {
    "$oid": "64f1911f12be535cc80d2688"
  },
  "id": "188",
  "phone": "684",
  "code": "WS",
  "name": "Samoa",
  "symbol": "SAT",
  "capital": "Apia",
  "currency": "WST",
  "continent": "Oceania",
  "continent_code": "OC",
  "alpha_3": "WSM",
  "flag_code": "WS"
},
{
  "_id": {
    "$oid": "64f1911f12be535cc80d2689"
  },
  "id": "189",
  "phone": "378",
  "code": "SM",
  "name": "San Marino",
  "symbol": "€",
  "capital": "San Marino",
  "currency": "EUR",
  "continent": "Europe",
  "continent_code": "EU",
  "alpha_3": "SMR",
  "flag_code": "SM"
},
{
  "_id": {
    "$oid": "64f1911f12be535cc80d268a"
  },
  "id": "190",
  "phone": "239",
  "code": "ST",
  "name": "Sao Tome and Principe",
  "symbol": "Db",
  "capital": "Sao Tome",
  "currency": "STD",
  "continent": "Africa",
  "continent_code": "AF",
  "alpha_3": "STP",
  "flag_code": "ST"
},
{
  "_id": {
    "$oid": "64f1911f12be535cc80d268b"
  },
  "id": "191",
  "phone": "966",
  "code": "SA",
  "name": "Saudi Arabia",
  "symbol": "﷼",
  "capital": "Riyadh",
  "currency": "SAR",
  "continent": "Asia",
  "continent_code": "AS",
  "alpha_3": "SAU",
  "flag_code": "SA"
},
{
  "_id": {
    "$oid": "64f1911f12be535cc80d268c"
  },
  "id": "192",
  "phone": "221",
  "code": "SN",
  "name": "Senegal",
  "symbol": "CFA",
  "capital": "Dakar",
  "currency": "XOF",
  "continent": "Africa",
  "continent_code": "AF",
  "alpha_3": "SEN",
  "flag_code": "SN"
},
{
  "_id": {
    "$oid": "64f1911f12be535cc80d268d"
  },
  "id": "193",
  "phone": "381",
  "code": "RS",
  "name": "Serbia",
  "symbol": "din",
  "capital": "Belgrade",
  "currency": "RSD",
  "continent": "Europe",
  "continent_code": "EU",
  "alpha_3": "SRB",
  "flag_code": "RS"
},
{
  "_id": {
    "$oid": "64f1911f12be535cc80d268e"
  },
  "id": "194",
  "phone": "248",
  "code": "SC",
  "name": "Seychelles",
  "symbol": "SRe",
  "capital": "Victoria",
  "currency": "SCR",
  "continent": "Africa",
  "continent_code": "AF",
  "alpha_3": "SYC",
  "flag_code": "SC"
},
{
  "_id": {
    "$oid": "64f1911f12be535cc80d268f"
  },
  "id": "195",
  "phone": "232",
  "code": "SL",
  "name": "Sierra Leone",
  "symbol": "Le",
  "capital": "Freetown",
  "currency": "SLL",
  "continent": "Africa",
  "continent_code": "AF",
  "alpha_3": "SLE",
  "flag_code": "SL"
},
{
  "_id": {
    "$oid": "64f1911f12be535cc80d2690"
  },
  "id": "196",
  "phone": "65",
  "code": "SG",
  "name": "Singapore",
  "symbol": "$",
  "capital": "Singapur",
  "currency": "SGD",
  "continent": "Asia",
  "continent_code": "AS",
  "alpha_3": "SGP",
  "flag_code": "SG"
},
{
  "_id": {
    "$oid": "64f1911f12be535cc80d2691"
  },
  "id": "197",
  "phone": "421",
  "code": "SK",
  "name": "Slovakia",
  "symbol": "€",
  "capital": "Bratislava",
  "currency": "EUR",
  "continent": "Europe",
  "continent_code": "EU",
  "alpha_3": "SVK",
  "flag_code": "SK"
},
{
  "_id": {
    "$oid": "64f1911f12be535cc80d2692"
  },
  "id": "198",
  "phone": "386",
  "code": "SI",
  "name": "Slovenia",
  "symbol": "€",
  "capital": "Ljubljana",
  "currency": "EUR",
  "continent": "Europe",
  "continent_code": "EU",
  "alpha_3": "SVN",
  "flag_code": "SI"
},
{
  "_id": {
    "$oid": "64f1911f12be535cc80d2693"
  },
  "id": "200",
  "phone": "677",
  "code": "SB",
  "name": "Solomon Islands",
  "symbol": "Si$",
  "capital": "Honiara",
  "currency": "SBD",
  "continent": "Oceania",
  "continent_code": "OC",
  "alpha_3": "SLB",
  "flag_code": "SB"
},
{
  "_id": {
    "$oid": "64f1911f12be535cc80d2694"
  },
  "id": "201",
  "phone": "252",
  "code": "SO",
  "name": "Somalia",
  "symbol": "Sh.so.",
  "capital": "Mogadishu",
  "currency": "SOS",
  "continent": "Africa",
  "continent_code": "AF",
  "alpha_3": "SOM",
  "flag_code": "SO"
},
{
  "_id": {
    "$oid": "64f1911f12be535cc80d2695"
  },
  "id": "202",
  "phone": "27",
  "code": "ZA",
  "name": "South Africa",
  "symbol": "R",
  "capital": "Pretoria",
  "currency": "ZAR",
  "continent": "Africa",
  "continent_code": "AF",
  "alpha_3": "ZAF",
  "flag_code": "ZA"
},
{
  "_id": {
    "$oid": "64f1911f12be535cc80d2696"
  },
  "id": "203",
  "phone": "500",
  "code": "GS",
  "name": "South Georgia and the South Sandwich Islands",
  "symbol": "£",
  "capital": "Grytviken",
  "currency": "GBP",
  "continent": "Antarctica",
  "continent_code": "AN",
  "alpha_3": "SGS",
  "flag_code": "GS"
},
{
  "_id": {
    "$oid": "64f1911f12be535cc80d2697"
  },
  "id": "204",
  "phone": "211",
  "code": "SS",
  "name": "South Sudan",
  "symbol": "£",
  "capital": "Juba",
  "currency": "SSP",
  "continent": "Africa",
  "continent_code": "AF",
  "alpha_3": "SSD",
  "flag_code": "SS"
},
{
  "_id": {
    "$oid": "64f1911f12be535cc80d2698"
  },
  "id": "205",
  "phone": "34",
  "code": "ES",
  "name": "Spain",
  "symbol": "€",
  "capital": "Madrid",
  "currency": "EUR",
  "continent": "Europe",
  "continent_code": "EU",
  "alpha_3": "ESP",
  "flag_code": "ES"
},
{
  "_id": {
    "$oid": "64f1911f12be535cc80d2699"
  },
  "id": "206",
  "phone": "94",
  "code": "LK",
  "name": "Sri Lanka",
  "symbol": "Rs",
  "capital": "Colombo",
  "currency": "LKR",
  "continent": "Asia",
  "continent_code": "AS",
  "alpha_3": "LKA",
  "flag_code": "LK"
},
{
  "_id": {
    "$oid": "64f1911f12be535cc80d269a"
  },
  "id": "207",
  "phone": "249",
  "code": "SD",
  "name": "Sudan",
  "symbol": ".س.ج",
  "capital": "Khartoum",
  "currency": "SDG",
  "continent": "Africa",
  "continent_code": "AF",
  "alpha_3": "SDN",
  "flag_code": "SD"
},
{
  "_id": {
    "$oid": "64f1911f12be535cc80d269b"
  },
  "id": "208",
  "phone": "597",
  "code": "SR",
  "name": "Suriname",
  "symbol": "$",
  "capital": "Paramaribo",
  "currency": "SRD",
  "continent": "South America",
  "continent_code": "SA",
  "alpha_3": "SUR",
  "flag_code": "SR"
},
{
  "_id": {
    "$oid": "64f1911f12be535cc80d269c"
  },
  "id": "209",
  "phone": "47",
  "code": "SJ",
  "name": "Svalbard and Jan Mayen",
  "symbol": "kr",
  "capital": "Longyearbyen",
  "currency": "NOK",
  "continent": "Europe",
  "continent_code": "EU",
  "alpha_3": "SJM",
  "flag_code": "SJ"
},
{
  "_id": {
    "$oid": "64f1911f12be535cc80d269d"
  },
  "id": "210",
  "phone": "268",
  "code": "SZ",
  "name": "Swaziland",
  "symbol": "E",
  "capital": "Mbabane",
  "currency": "SZL",
  "continent": "Africa",
  "continent_code": "AF",
  "alpha_3": "SWZ",
  "flag_code": "SZ"
},
{
  "_id": {
    "$oid": "64f1911f12be535cc80d269e"
  },
  "id": "211",
  "phone": "46",
  "code": "SE",
  "name": "Sweden",
  "symbol": "kr",
  "capital": "Stockholm",
  "currency": "SEK",
  "continent": "Europe",
  "continent_code": "EU",
  "alpha_3": "SWE",
  "flag_code": "SE"
},
{
  "_id": {
    "$oid": "64f1911f12be535cc80d269f"
  },
  "id": "212",
  "phone": "41",
  "code": "CH",
  "name": "Switzerland",
  "symbol": "CHf",
  "capital": "Berne",
  "currency": "CHF",
  "continent": "Europe",
  "continent_code": "EU",
  "alpha_3": "CHE",
  "flag_code": "CH"
},
{
  "_id": {
    "$oid": "64f1911f12be535cc80d26a0"
  },
  "id": "213",
  "phone": "963",
  "code": "SY",
  "name": "Syrian Arab Republic",
  "symbol": "LS",
  "capital": "Damascus",
  "currency": "SYP",
  "continent": "Asia",
  "continent_code": "AS",
  "alpha_3": "SYR",
  "flag_code": ""
},
{
  "_id": {
    "$oid": "64f1911f12be535cc80d26a1"
  },
  "id": "214",
  "phone": "886",
  "code": "TW",
  "name": "Taiwan, Province of China",
  "symbol": "$",
  "capital": "Taipei",
  "currency": "TWD",
  "continent": "Asia",
  "continent_code": "AS",
  "alpha_3": "TWN",
  "flag_code": ""
},
{
  "_id": {
    "$oid": "64f1911f12be535cc80d26a2"
  },
  "id": "215",
  "phone": "992",
  "code": "TJ",
  "name": "Tajikistan",
  "symbol": "SM",
  "capital": "Dushanbe",
  "currency": "TJS",
  "continent": "Asia",
  "continent_code": "AS",
  "alpha_3": "TJK",
  "flag_code": "TJ"
},
{
  "_id": {
    "$oid": "64f1911f12be535cc80d26a3"
  },
  "id": "216",
  "phone": "255",
  "code": "TZ",
  "name": "Tanzania, United Republic of",
  "symbol": "TSh",
  "capital": "Dodoma",
  "currency": "TZS",
  "continent": "Africa",
  "continent_code": "AF",
  "alpha_3": "TZA",
  "flag_code": ""
},
{
  "_id": {
    "$oid": "64f1911f12be535cc80d26a4"
  },
  "id": "217",
  "phone": "66",
  "code": "TH",
  "name": "Thailand",
  "symbol": "฿",
  "capital": "Bangkok",
  "currency": "THB",
  "continent": "Asia",
  "continent_code": "AS",
  "alpha_3": "THA",
  "flag_code": "TH"
},
{
  "_id": {
    "$oid": "64f1911f12be535cc80d26a5"
  },
  "id": "218",
  "phone": "228",
  "code": "TG",
  "name": "Togo",
  "symbol": "CFA",
  "capital": "Lome",
  "currency": "XOF",
  "continent": "Africa",
  "continent_code": "AF",
  "alpha_3": "TGO",
  "flag_code": "TG"
},
{
  "_id": {
    "$oid": "64f1911f12be535cc80d26a6"
  },
  "id": "219",
  "phone": "690",
  "code": "TK",
  "name": "Tokelau",
  "symbol": "$",
  "capital": "",
  "currency": "NZD",
  "continent": "Oceania",
  "continent_code": "OC",
  "alpha_3": "TKL",
  "flag_code": "TK"
},
{
  "_id": {
    "$oid": "64f1911f12be535cc80d26a7"
  },
  "id": "220",
  "phone": "676",
  "code": "TO",
  "name": "Tonga",
  "symbol": "$",
  "capital": "Nuku\\'alofa",
  "currency": "TOP",
  "continent": "Oceania",
  "continent_code": "OC",
  "alpha_3": "TON",
  "flag_code": "TO"
},
{
  "_id": {
    "$oid": "64f1911f12be535cc80d26a8"
  },
  "id": "221",
  "phone": "1868",
  "code": "TT",
  "name": "Trinidad and Tobago",
  "symbol": "$",
  "capital": "Port of Spain",
  "currency": "TTD",
  "continent": "North America",
  "continent_code": "NA",
  "alpha_3": "TTO",
  "flag_code": "TT"
},
{
  "_id": {
    "$oid": "64f1911f12be535cc80d26a9"
  },
  "id": "222",
  "phone": "216",
  "code": "TN",
  "name": "Tunisia",
  "symbol": "ت.د",
  "capital": "Tunis",
  "currency": "TND",
  "continent": "Africa",
  "continent_code": "AF",
  "alpha_3": "TUN",
  "flag_code": "TN"
},
{
  "_id": {
    "$oid": "64f1911f12be535cc80d26aa"
  },
  "id": "223",
  "phone": "90",
  "code": "TR",
  "name": "Turkey",
  "symbol": "₺",
  "capital": "Ankara",
  "currency": "TRY",
  "continent": "Asia",
  "continent_code": "AS",
  "alpha_3": "TUR",
  "flag_code": "TR"
},
{
  "_id": {
    "$oid": "64f1911f12be535cc80d26ab"
  },
  "id": "224",
  "phone": "7370",
  "code": "TM",
  "name": "Turkmenistan",
  "symbol": "T",
  "capital": "Ashgabat",
  "currency": "TMT",
  "continent": "Asia",
  "continent_code": "AS",
  "alpha_3": "TKM",
  "flag_code": "TM"
},
{
  "_id": {
    "$oid": "64f1911f12be535cc80d26ac"
  },
  "id": "225",
  "phone": "1649",
  "code": "TC",
  "name": "Turks and Caicos Islands",
  "symbol": "$",
  "capital": "Cockburn Town",
  "currency": "USD",
  "continent": "North America",
  "continent_code": "NA",
  "alpha_3": "TCA",
  "flag_code": "TC"
},
{
  "_id": {
    "$oid": "64f1911f12be535cc80d26ad"
  },
  "id": "226",
  "phone": "688",
  "code": "TV",
  "name": "Tuvalu",
  "symbol": "$",
  "capital": "Funafuti",
  "currency": "AUD",
  "continent": "Oceania",
  "continent_code": "OC",
  "alpha_3": "TUV",
  "flag_code": "TV"
},
{
  "_id": {
    "$oid": "64f1911f12be535cc80d26ae"
  },
  "id": "227",
  "phone": "256",
  "code": "UG",
  "name": "Uganda",
  "symbol": "USh",
  "capital": "Kampala",
  "currency": "UGX",
  "continent": "Africa",
  "continent_code": "AF",
  "alpha_3": "UGA",
  "flag_code": "UG"
},
{
  "_id": {
    "$oid": "64f1911f12be535cc80d26af"
  },
  "id": "228",
  "phone": "380",
  "code": "UA",
  "name": "Ukraine",
  "symbol": "₴",
  "capital": "Kiev",
  "currency": "UAH",
  "continent": "Europe",
  "continent_code": "EU",
  "alpha_3": "UKR",
  "flag_code": "UA"
},
{
  "_id": {
    "$oid": "64f1911f12be535cc80d26b0"
  },
  "id": "229",
  "phone": "971",
  "code": "AE",
  "name": "United Arab Emirates",
  "symbol": "إ.د",
  "capital": "Abu Dhabi",
  "currency": "AED",
  "continent": "Asia",
  "continent_code": "AS",
  "alpha_3": "ARE",
  "flag_code": "AE"
},
{
  "_id": {
    "$oid": "64f1911f12be535cc80d26b1"
  },
  "id": "230",
  "phone": "44",
  "code": "GB",
  "name": "United Kingdom",
  "symbol": "£",
  "capital": "London",
  "currency": "GBP",
  "continent": "Europe",
  "continent_code": "EU",
  "alpha_3": "GBR",
  "flag_code": "GB"
},
{
  "_id": {
    "$oid": "64f1911f12be535cc80d26b2"
  },
  "id": "231",
  "phone": "1",
  "code": "US",
  "name": "United States",
  "symbol": "$",
  "capital": "Washington",
  "currency": "USD",
  "continent": "North America",
  "continent_code": "NA",
  "alpha_3": "USA",
  "flag_code": "US"
},
{
  "_id": {
    "$oid": "64f1911f12be535cc80d26b3"
  },
  "id": "232",
  "phone": "1",
  "code": "UM",
  "name": "United States Minor Outlying Islands",
  "symbol": "$",
  "capital": "",
  "currency": "USD",
  "continent": "North America",
  "continent_code": "NA",
  "alpha_3": "UMI",
  "flag_code": ""
},
{
  "_id": {
    "$oid": "64f1911f12be535cc80d26b4"
  },
  "id": "233",
  "phone": "598",
  "code": "UY",
  "name": "Uruguay",
  "symbol": "$",
  "capital": "Montevideo",
  "currency": "UYU",
  "continent": "South America",
  "continent_code": "SA",
  "alpha_3": "URY",
  "flag_code": "UY"
},
{
  "_id": {
    "$oid": "64f1911f12be535cc80d26b5"
  },
  "id": "234",
  "phone": "998",
  "code": "UZ",
  "name": "Uzbekistan",
  "symbol": "лв",
  "capital": "Tashkent",
  "currency": "UZS",
  "continent": "Asia",
  "continent_code": "AS",
  "alpha_3": "UZB",
  "flag_code": "UZ"
},
{
  "_id": {
    "$oid": "64f1911f12be535cc80d26b6"
  },
  "id": "235",
  "phone": "678",
  "code": "VU",
  "name": "Vanuatu",
  "symbol": "VT",
  "capital": "Port Vila",
  "currency": "VUV",
  "continent": "Oceania",
  "continent_code": "OC",
  "alpha_3": "VUT",
  "flag_code": "VU"
},
{
  "_id": {
    "$oid": "64f1911f12be535cc80d26b7"
  },
  "id": "236",
  "phone": "39",
  "code": "VA",
  "name": "Holy See (Vatican City State)",
  "symbol": "€",
  "capital": "Vatican City",
  "currency": "EUR",
  "continent": "Europe",
  "continent_code": "EU",
  "alpha_3": "VAT",
  "flag_code": ""
},
{
  "_id": {
    "$oid": "64f1911f12be535cc80d26b8"
  },
  "id": "237",
  "phone": "58",
  "code": "VE",
  "name": "Venezuela",
  "symbol": "Bs",
  "capital": "Caracas",
  "currency": "VEF",
  "continent": "South America",
  "continent_code": "SA",
  "alpha_3": "VEN",
  "flag_code": "VE"
},
{
  "_id": {
    "$oid": "64f1911f12be535cc80d26b9"
  },
  "id": "238",
  "phone": "84",
  "code": "VN",
  "name": "Viet Nam",
  "symbol": "₫",
  "capital": "Hanoi",
  "currency": "VND",
  "continent": "Asia",
  "continent_code": "AS",
  "alpha_3": "VNM",
  "flag_code": ""
},
{
  "_id": {
    "$oid": "64f1911f12be535cc80d26ba"
  },
  "id": "239",
  "phone": "1284",
  "code": "VG",
  "name": "Virgin Islands, British",
  "symbol": "$",
  "capital": "Road Town",
  "currency": "USD",
  "continent": "North America",
  "continent_code": "NA",
  "alpha_3": "VGB",
  "flag_code": ""
},
{
  "_id": {
    "$oid": "64f1911f12be535cc80d26bb"
  },
  "id": "240",
  "phone": "1340",
  "code": "VI",
  "name": "Virgin Islands, U.s.",
  "symbol": "$",
  "capital": "Charlotte Amalie",
  "currency": "USD",
  "continent": "North America",
  "continent_code": "NA",
  "alpha_3": "VIR",
  "flag_code": ""
},
{
  "_id": {
    "$oid": "64f1911f12be535cc80d26bc"
  },
  "id": "241",
  "phone": "681",
  "code": "WF",
  "name": "Wallis and Futuna",
  "symbol": "₣",
  "capital": "Mata Utu",
  "currency": "XPF",
  "continent": "Oceania",
  "continent_code": "OC",
  "alpha_3": "WLF",
  "flag_code": "WF"
},
{
  "_id": {
    "$oid": "64f1911f12be535cc80d26bd"
  },
  "id": "242",
  "phone": "212",
  "code": "EH",
  "name": "Western Sahara",
  "symbol": "MAD",
  "capital": "El-Aaiun",
  "currency": "MAD",
  "continent": "Africa",
  "continent_code": "AF",
  "alpha_3": "ESH",
  "flag_code": "EH"
},
{
  "_id": {
    "$oid": "64f1911f12be535cc80d26be"
  },
  "id": "243",
  "phone": "967",
  "code": "YE",
  "name": "Yemen",
  "symbol": "﷼",
  "capital": "Sanaa",
  "currency": "YER",
  "continent": "Asia",
  "continent_code": "AS",
  "alpha_3": "YEM",
  "flag_code": "YE"
},
{
  "_id": {
    "$oid": "64f1911f12be535cc80d26bf"
  },
  "id": "245",
  "phone": "260",
  "code": "ZM",
  "name": "Zambia",
  "symbol": "ZK",
  "capital": "Lusaka",
  "currency": "ZMW",
  "continent": "Africa",
  "continent_code": "AF",
  "alpha_3": "ZMB",
  "flag_code": "ZM"
},
{
  "_id": {
    "$oid": "64f1911f12be535cc80d26c0"
  },
  "id": "246",
  "phone": "263",
  "code": "ZW",
  "name": "Zimbabwe",
  "symbol": "$",
  "capital": "Harare",
  "currency": "ZWL",
  "continent": "Africa",
  "continent_code": "AF",
  "alpha_3": "ZWE",
  "flag_code": "ZW"
}]