[{
  "_id": {
    "$oid": "6543769174497b5fed0a51eb"
  },
  "vendor_id": "SSVENDOR1122",
  "wallet_id": "SSWALLET1122",
  "wallet_mode": "Recharge",
  "unique_merchant_txn_id": "SMART17705",
  "wallet_amt": 200,
  "added_date": "2023-11-02 : 10:14",
  "updated_at": {
    "$date": "2023-11-02T10:14:41.125Z"
  },
  "created_at": {
    "$date": "2023-11-02T10:14:41.125Z"
  }
},
{
  "_id": {
    "$oid": "654376bc74497b5fed0a51ee"
  },
  "vendor_id": "SSVENDOR1122",
  "wallet_id": "SSWALLET1122",
  "wallet_mode": "Recharge",
  "unique_merchant_txn_id": "SMART16294",
  "wallet_amt": 500,
  "added_date": "2023-11-02 : 10:15",
  "updated_at": {
    "$date": "2023-11-02T10:15:24.300Z"
  },
  "created_at": {
    "$date": "2023-11-02T10:15:24.300Z"
  }
},
{
  "_id": {
    "$oid": "65437efd74497b5fed0a51f1"
  },
  "vendor_id": "SSVENDOR1122",
  "wallet_id": "SSWALLET1122",
  "wallet_mode": "Recharge",
  "unique_merchant_txn_id": "SMART13431",
  "wallet_amt": 200,
  "added_date": "2023-11-02 : 10:50",
  "updated_at": {
    "$date": "2023-11-02T10:50:37.933Z"
  },
  "created_at": {
    "$date": "2023-11-02T10:50:37.933Z"
  }
},
{
  "_id": {
    "$oid": "654394ed74497b5fed0a51f4"
  },
  "vendor_id": "SSVENDOR1122",
  "wallet_id": "SSWALLET1122",
  "wallet_mode": "Recharge",
  "unique_merchant_txn_id": "SMART85129",
  "wallet_amt": 200,
  "added_date": "2023-11-02 : 12:24",
  "updated_at": {
    "$date": "2023-11-02T12:24:13.394Z"
  },
  "created_at": {
    "$date": "2023-11-02T12:24:13.394Z"
  }
}]