[{
  "_id": {
    "$oid": "6543501074497b5fed0a51e4"
  },
  "vendor_id": "SSVENDOR1122",
  "merchant_id": "107249",
  "merchant_access_code": "8212304e-59b4-446c-97ba-17b30d8afb18",
  "unique_merchant_txn_id": "SMART17509",
  "pine_pg_txn_status": "4",
  "txn_completion_date_time": "02/11/2023 01:00:19 PM",
  "amount_in_paisa": "20000",
  "txn_response_code": "1",
  "txn_response_msg": "SUCCESS",
  "acquirer_name": "HDFC",
  "pine_pg_transaction_id": "13556425",
  "captured_amount_in_paisa": "20000",
  "refund_amount_in_paisa": "0",
  "payment_mode": "1",
  "masked_card_number": "************1112",
  "udf_field_1": "",
  "udf_field_2": "",
  "udf_field_3": "",
  "udf_field_4": "",
  "card_holder_name": "Test",
  "salted_card_hash": "B6B6A7CE1E6E2AA0DD7C028385446A3BBADCEE026A283859C69F5D2B8CC645AD",
  "rrn": "425847096720",
  "auth_code": "999999",
  "parent_txn_status": "",
  "parent_txn_response_code": "",
  "parent_txn_response_message": "",
  "dia_secret": "C98DA8FFFCFE28EB0398E8BE871FBB4C2A2C3ADDFD3D9818E9B4B6968EDB3733",
  "dia_secret_type": "SHA256",
  "final_amt": 200,
  "updated_at": {
    "$date": "2023-11-02T07:30:24.813Z"
  },
  "created_at": {
    "$date": "2023-11-02T07:30:24.813Z"
  }
},
{
  "_id": {
    "$oid": "6543505374497b5fed0a51e7"
  },
  "vendor_id": "SSVENDOR1122",
  "merchant_id": "107249",
  "merchant_access_code": "8212304e-59b4-446c-97ba-17b30d8afb18",
  "unique_merchant_txn_id": "SMART78507",
  "pine_pg_txn_status": "4",
  "txn_completion_date_time": "02/11/2023 01:01:27 PM",
  "amount_in_paisa": "50000",
  "txn_response_code": "1",
  "txn_response_msg": "SUCCESS",
  "acquirer_name": "HDFC",
  "pine_pg_transaction_id": "13556430",
  "captured_amount_in_paisa": "50000",
  "refund_amount_in_paisa": "0",
  "payment_mode": "1",
  "masked_card_number": "************1112",
  "udf_field_1": "",
  "udf_field_2": "",
  "udf_field_3": "",
  "udf_field_4": "",
  "card_holder_name": "Test",
  "salted_card_hash": "B6B6A7CE1E6E2AA0DD7C028385446A3BBADCEE026A283859C69F5D2B8CC645AD",
  "rrn": "425847096720",
  "auth_code": "999999",
  "parent_txn_status": "",
  "parent_txn_response_code": "",
  "parent_txn_response_message": "",
  "dia_secret": "5429E74ABC17E1ABC6D487D612A6FE3E194EC0B6CEEE5F756078DD38740C9256",
  "dia_secret_type": "SHA256",
  "final_amt": 500,
  "updated_at": {
    "$date": "2023-11-02T07:31:31.992Z"
  },
  "created_at": {
    "$date": "2023-11-02T07:31:31.992Z"
  }
},
{
  "_id": {
    "$oid": "6543769174497b5fed0a51ea"
  },
  "vendor_id": "SSVENDOR1122",
  "merchant_id": "107249",
  "merchant_access_code": "8212304e-59b4-446c-97ba-17b30d8afb18",
  "unique_merchant_txn_id": "SMART17705",
  "pine_pg_txn_status": "4",
  "txn_completion_date_time": "02/11/2023 03:44:36 PM",
  "amount_in_paisa": "20000",
  "txn_response_code": "1",
  "txn_response_msg": "SUCCESS",
  "acquirer_name": "HDFC",
  "pine_pg_transaction_id": "13556864",
  "captured_amount_in_paisa": "20000",
  "refund_amount_in_paisa": "0",
  "payment_mode": "1",
  "masked_card_number": "************1112",
  "udf_field_1": "",
  "udf_field_2": "",
  "udf_field_3": "",
  "udf_field_4": "",
  "card_holder_name": "Test",
  "salted_card_hash": "B6B6A7CE1E6E2AA0DD7C028385446A3BBADCEE026A283859C69F5D2B8CC645AD",
  "rrn": "425847096720",
  "auth_code": "999999",
  "parent_txn_status": "",
  "parent_txn_response_code": "",
  "parent_txn_response_message": "",
  "dia_secret": "7027E73C4C4FD16761F6E7D85DD3E17F34AE6E4252552175C76A758A2F1F80CB",
  "dia_secret_type": "SHA256",
  "final_amt": 200,
  "updated_at": {
    "$date": "2023-11-02T10:14:40.987Z"
  },
  "created_at": {
    "$date": "2023-11-02T10:14:40.987Z"
  }
},
{
  "_id": {
    "$oid": "654376bc74497b5fed0a51ed"
  },
  "vendor_id": "SSVENDOR1122",
  "merchant_id": "107249",
  "merchant_access_code": "8212304e-59b4-446c-97ba-17b30d8afb18",
  "unique_merchant_txn_id": "SMART16294",
  "pine_pg_txn_status": "4",
  "txn_completion_date_time": "02/11/2023 03:45:19 PM",
  "amount_in_paisa": "50000",
  "txn_response_code": "1",
  "txn_response_msg": "SUCCESS",
  "acquirer_name": "HDFC",
  "pine_pg_transaction_id": "13556865",
  "captured_amount_in_paisa": "50000",
  "refund_amount_in_paisa": "0",
  "payment_mode": "1",
  "masked_card_number": "************1112",
  "udf_field_1": "",
  "udf_field_2": "",
  "udf_field_3": "",
  "udf_field_4": "",
  "card_holder_name": "Test",
  "salted_card_hash": "B6B6A7CE1E6E2AA0DD7C028385446A3BBADCEE026A283859C69F5D2B8CC645AD",
  "rrn": "425847096720",
  "auth_code": "999999",
  "parent_txn_status": "",
  "parent_txn_response_code": "",
  "parent_txn_response_message": "",
  "dia_secret": "7A82CF908F0DF4359C8208CF25762E7FAF99B728943468921FA6714C998609CD",
  "dia_secret_type": "SHA256",
  "final_amt": 500,
  "updated_at": {
    "$date": "2023-11-02T10:15:24.291Z"
  },
  "created_at": {
    "$date": "2023-11-02T10:15:24.291Z"
  }
},
{
  "_id": {
    "$oid": "65437efd74497b5fed0a51f0"
  },
  "vendor_id": "SSVENDOR1122",
  "merchant_id": "107249",
  "merchant_access_code": "8212304e-59b4-446c-97ba-17b30d8afb18",
  "unique_merchant_txn_id": "SMART13431",
  "pine_pg_txn_status": "4",
  "txn_completion_date_time": "02/11/2023 04:20:32 PM",
  "amount_in_paisa": "20000",
  "txn_response_code": "1",
  "txn_response_msg": "SUCCESS",
  "acquirer_name": "HDFC",
  "pine_pg_transaction_id": "13556988",
  "captured_amount_in_paisa": "20000",
  "refund_amount_in_paisa": "0",
  "payment_mode": "1",
  "masked_card_number": "************1112",
  "udf_field_1": "",
  "udf_field_2": "",
  "udf_field_3": "",
  "udf_field_4": "",
  "card_holder_name": "Test",
  "salted_card_hash": "B6B6A7CE1E6E2AA0DD7C028385446A3BBADCEE026A283859C69F5D2B8CC645AD",
  "rrn": "425847096720",
  "auth_code": "999999",
  "parent_txn_status": "",
  "parent_txn_response_code": "",
  "parent_txn_response_message": "",
  "dia_secret": "D6FC52EE7980B44D2963D77659A75DF9FE4B4F011BB6BEC673C5F1AF80F8C04E",
  "dia_secret_type": "SHA256",
  "final_amt": 200,
  "updated_at": {
    "$date": "2023-11-02T10:50:37.795Z"
  },
  "created_at": {
    "$date": "2023-11-02T10:50:37.795Z"
  }
},
{
  "_id": {
    "$oid": "654394ed74497b5fed0a51f3"
  },
  "vendor_id": "SSVENDOR1122",
  "merchant_id": "107249",
  "merchant_access_code": "8212304e-59b4-446c-97ba-17b30d8afb18",
  "unique_merchant_txn_id": "SMART85129",
  "pine_pg_txn_status": "4",
  "txn_completion_date_time": "02/11/2023 05:54:08 PM",
  "amount_in_paisa": "20000",
  "txn_response_code": "1",
  "txn_response_msg": "SUCCESS",
  "acquirer_name": "HDFC",
  "pine_pg_transaction_id": "13557167",
  "captured_amount_in_paisa": "20000",
  "refund_amount_in_paisa": "0",
  "payment_mode": "1",
  "masked_card_number": "************1112",
  "udf_field_1": "",
  "udf_field_2": "",
  "udf_field_3": "",
  "udf_field_4": "",
  "card_holder_name": "Test",
  "salted_card_hash": "B6B6A7CE1E6E2AA0DD7C028385446A3BBADCEE026A283859C69F5D2B8CC645AD",
  "rrn": "425847096720",
  "auth_code": "999999",
  "parent_txn_status": "",
  "parent_txn_response_code": "",
  "parent_txn_response_message": "",
  "dia_secret": "252BD776A46D1899D197FBFB878789AE99CF78CA8BE63D9265FB2AC6416C4CD8",
  "dia_secret_type": "SHA256",
  "final_amt": 200,
  "updated_at": {
    "$date": "2023-11-02T12:24:13.378Z"
  },
  "created_at": {
    "$date": "2023-11-02T12:24:13.378Z"
  }
}]